"reporter","partner","percentage"
"AFG","CAN",100
"AUS","NZL",15.1150054764513
"AUS","THA",52.026286966046
"AUS","USA",32.8587075575027
"AUT","COL",0
"AUT","CYP",0.0211218626448773
"AUT","DNK",0.0704062088162577
"AUT","FRA",5.681781051472
"AUT","DEU",48.8146861905807
"AUT","HUN",0.246421730856902
"AUT","IND",3.43582299023338
"AUT","ISR",0.267543593501779
"AUT","ITA",1.99249570950009
"AUT","LTU",0.105609313224387
"AUT","MEX",0
"AUT","MAR",0
"AUT","NLD",4.77354095774227
"AUT","CZE",0.204178005567147
"AUT","POL",2.84441083617681
"AUT","ROU",0.521005945240307
"AUT","RUS",0.00704062088162577
"AUT","SVN",0.450599736424049
"AUT","SVK",0.295706077028282
"AUT","CHE",0.00704062088162577
"AUT","TUR",1.16170244546825
"AUT","ARE",0
"AUT","GBR",16.3553623080167
"AUT","UKR",0.0563249670530062
"AUT","USA",12.6871988286896
"BRB","KNA",100
"BGD","CAN",0.0399778774353374
"BGD","KWT",0.291153801299789
"BGD","LBN",0.0733590369734258
"BGD","SGP",0.0421424254953723
"BGD","CHE",0.00312166114780535
"BGD","GBR",99.5502451976483
"BOL","BEL",NA
"BRA","DZA",0.699518501690232
"BRA","ATG",0.000115508748198424
"BRA","ARG",0.678727360559416
"BRA","AUS",0.0759570663756287
"BRA","BHS",0.000776107304919279
"BRA","BHR",0.000101201766518083
"BRA","BRB",0.0330159924642762
"BRA","BOL",5.24451690160607
"BRA","BLZ",6.28020754279905e-05
"BRA","BGR",0.000896818591910554
"BRA","CAN",0.90575828773627
"BRA","CPV",0.0808265807507519
"BRA","CAF",0.00224204647977639
"BRA","CHL",0.899441166942036
"BRA","CHN",0.0497678577023291
"BRA","COL",3.19365777670835
"BRA","CRI",0.127796649347254
"BRA","CYP",0.00385396641576147
"BRA","DNK",0.000138920172766255
"BRA","DOM",0.508955761141639
"BRA","ECU",0.659722176674202
"BRA","SLV",0.0179363718382111
"BRA","FRA",0.630611370858802
"BRA","DEU",0.271264460368317
"BRA","GRC",0.00113861277580688
"BRA","GTM",0.145553657467083
"BRA","GUY",0.325440230997875
"BRA","HND",0.00672613943932916
"BRA","HKG",0.00820081144715998
"BRA","HRV",2.09340251426635e-05
"BRA","IND",0.0170563995623917
"BRA","IDN",4.71944590494366e-05
"BRA","IRL",0.131120823895943
"BRA","ISR",0.0614695442121786
"BRA","ITA",0.122554286358643
"BRA","JPN",0.133577475100925
"BRA","JOR",2.62604339067731e-05
"BRA","KOR",7.73567970508482e-05
"BRA","LBN",3.40642420960501e-05
"BRA","LBR",0.00486251572174707
"BRA","MYS",0.000105041735627093
"BRA","MLT",0.00180788223051582
"BRA","MEX",1.87172642401201
"BRA","MOZ",0.192468480056404
"BRA","NLD",3.49764329513938
"BRA","NZL",0.0098276577146817
"BRA","NOR",0.000998144228399896
"BRA","PAN",0.462903321292218
"BRA","PRY",6.55766172369616
"BRA","PER",0.217841943033981
"BRA","PHL",0.000477642609172251
"BRA","POL",0.00744997361637741
"BRA","PRT",4.83514281162843
"BRA","QAT",2.35972295247183e-05
"BRA","RUS",0.0246687047761032
"BRA","SEN",0.112102323988819
"BRA","SLE",0.000146538175998644
"BRA","SVK",0.000269045577573166
"BRA","SGP",0.0937257802077416
"BRA","ZAF",5.53224968884823
"BRA","ESP",3.77910857151079
"BRA","SUR",0.0552775320889155
"BRA","SWE",2.62604339067731e-05
"BRA","CHE",0.0880202054616101
"BRA","TWN",1.96953254300799e-05
"BRA","THA",0.0055171065848619
"BRA","OMN",0.000301994989927891
"BRA","TUR",0.000372786678502046
"BRA","ARE",0.0196042190662193
"BRA","GBR",1.74603643126594
"BRA","USA",51.8523603449655
"BRA","URY",1.22907551129675
"BRA","VEN",2.35179465496144
"BRA","VNM",0
"BRA","BEL",0.395195189847584
"BRA","LUX",0.00179363718382111
"BLZ","CHN",90.9854175872735
"BLZ","TWN",9.01458241272647
"SLB","AUS",100
"BRN","MYS",100
"BGR","GEO",15.4929577464789
"BGR","POL",84.5070422535211
"BDI","AUS",12.2198451369626
"BDI","CAN",39.6879239549637
"BDI","CHN",0.539709826882514
"BDI","TZA",14.1474232727192
"BDI","OMN",10.7481310958002
"BDI","ARE",0.0101832042808022
"BDI","USA",17.3521800944869
"BDI","COD",3.26531374663284
"BDI","BEL",2.02928966727133
"CMR","CAN",15.6332329799662
"CMR","FIN",0.00862870611449482
"CMR","FRA",7.93033886818137
"CMR","DEU",0.885166523259086
"CMR","ISL",0.00107858826431185
"CMR","IRL",0.119363767917178
"CMR","KOR",0.0328969420615115
"CMR","MAR",0
"CMR","NLD",0.441502129524985
"CMR","NOR",0.0046738824786847
"CMR","PRT",4.19648506739489
"CMR","STP",0.0896313631217139
"CMR","ESP",0.8482282669934
"CMR","SWE",0.00748906568427853
"CMR","CHE",0.0724282194846393
"CMR","ARE",0.0116847061967117
"CMR","GBR",1.28233799676346
"CMR","UKR",0.0661534135444603
"CMR","USA",5.85229612193081
"CMR","BEL",62.5163833911178
"CAN","AUS",0.166206285013763
"CAN","CHN",0.0247329414802076
"CAN","DEU",0.00415515712534407
"CAN","HKG",0.0935972099152953
"CAN","MAC",0.387468401938335
"CAN","NLD",0.059730383676821
"CAN","PER",6.39128305426776
"CAN","POL",8.95041505801394
"CAN","QAT",0.165371236171584
"CAN","GBR",0.0295825378488757
"CAN","USA",83.7274577345481
"LKA","AUS",0.0886596833696375
"LKA","BHR",0.270023432784536
"LKA","BWA",0.00118426675032059
"LKA","CAN",0.334978229574053
"LKA","DNK",0.00255511137545584
"LKA","BLR",0
"LKA","FRA",0.0474203868716813
"LKA","DEU",0.008579789159516
"LKA","HUN",0.00118426675032059
"LKA","ITA",0.0242992544208468
"LKA","KOR",0.0134475723964469
"LKA","KWT",0.311488410304723
"LKA","MDV",0.916190654277382
"LKA","NLD",0.0181997220403041
"LKA","NZL",0.0085825822414743
"LKA","NOR",0.00219983135035966
"LKA","QAT",5.02002240353383
"LKA","LCA",0.00497392035134647
"LKA","SAU",0.8664793815835
"LKA","SYC",0.00165797345044882
"LKA","CHE",0.0079876557843557
"LKA","OMN",1.25739522215288
"LKA","ARE",86.3971719084352
"LKA","GBR",4.34830295105365
"LKA","USA",0.00580290707657088
"CHL","BRA",100
"CHN","AUS",3.5644737140784
"CHN","AUT",0
"CHN","BGD",0.459769239024756
"CHN","BRA",0
"CHN","MMR",0.00180301662362649
"CHN","CMR",2.16181693172817
"CHN","CAN",1.18638493834623
"CHN","TCD",0.176335025790671
"CHN","CYP",0.195942831572609
"CHN","DNK",0.0174441858335863
"CHN","BLR",0.000180301662362649
"CHN","EGY",0.00946583727403909
"CHN","FJI",0.0316880171602356
"CHN","FRA",0.521612709215144
"CHN","GMB",0.770068399950875
"CHN","DEU",0.543429210361025
"CHN","GHA",2.623118734883
"CHN","GIN",1.56718204925615
"CHN","GUY",0.00351588241607166
"CHN","HKG",4.53891404831733
"CHN","IND",0.712777546735143
"CHN","IDN",0.506287067914319
"CHN","IRL",2.00892112204464
"CHN","ISR",0.0815414268035081
"CHN","ITA",1.59945604681906
"CHN","CIV",0.428351674358064
"CHN","KAZ",1.45426813320154
"CHN","JPN",4.019194506557
"CHN","KGZ",1.62271496126384
"CHN","PRK",0.0446246614347557
"CHN","KOR",3.60774611304543
"CHN","KWT",0.0166779037685451
"CHN","LBN",0.00270452493543974
"CHN","MAC",0.0442687897834902
"CHN","MDG",0.146044346513746
"CHN","MYS",6.30704230027666
"CHN","MLT",0.0607616602162128
"CHN","MRT",0.163578683178514
"CHN","MUS",0.563577921130051
"CHN","MEX",0.227360396239301
"CHN","MNG",0.00315527909134636
"CHN","MAR",0.00811357480631922
"CHN","NPL",0.25792152800977
"CHN","NLD",2.11498905370926
"CHN","NZL",0.0896099261942367
"CHN","NER",3.2844652324292
"CHN","NGA",3.08297812473894
"CHN","NOR",0.147982589384144
"CHN","CZE",0
"CHN","PNG",0.262609371231199
"CHN","PHL",3.07630696323152
"CHN","POL",0.0180301662362649
"CHN","PRT",0.666124491598808
"CHN","RUS",0.356050707750642
"CHN","SAU",0.276041845077216
"CHN","SEN",2.99273714272643
"CHN","SYC",0.0613927160344821
"CHN","SLE",0.729004696347782
"CHN","SGP",0.241784529228313
"CHN","ZAF",0.136308056746163
"CHN","ESP",3.73431788002401
"CHN","SUR",0.0891591720383301
"CHN","SWE",0.155104505047469
"CHN","CHE",0.0179400154050836
"CHN","TWN",3.63217698829557
"CHN","THA",0
"CHN","TGO",2.16970512945653
"CHN","TTO",0.137434942135929
"CHN","TUR",0.338426220254693
"CHN","ARE",0.101690137572534
"CHN","GBR",12.1507994791125
"CHN","UKR",0.0374576703558404
"CHN","USA",14.3429521655332
"CHN","VNM",2.56109496303025
"CHN","YEM",0.616676760695851
"CHN","BEL",0.0378633490961564
"COL","AUS",0.57254920319297
"COL","CAN",1.00707180717993
"COL","CHL",7.17207815104727
"COL","CRI",0.327157201837105
"COL","ECU",8.88122750587128
"COL","DEU",0
"COL","ITA",0.370778162082053
"COL","MEX",0.662442121266812
"COL","NZL",0.0312938214795934
"COL","PAN",14.2771402881713
"COL","PER",0.0152673360857316
"COL","PRT",0.747219819002538
"COL","ESP",2.96716519579982
"COL","THA",17.7101098594486
"COL","GBR",0.729455122692838
"COL","USA",22.6329762228713
"COL","VEN",18.5459965101424
"COL","BEL",3.35007167182843
"COG","FRA",65.009109785518
"COG","NGA",0.458009769914903
"COG","BEL",34.5328804445671
"CRI","ARG",0.0381485194922955
"CRI","AUS",0.162574865785912
"CRI","CAN",1.84177672627792
"CRI","CHL",0.031256156905206
"CRI","COL",0.0551186884897159
"CRI","DOM",0.0140191867753821
"CRI","FRA",1.31586318501389
"CRI","DEU",0.000153612773201995
"CRI","GTM",0.00863061238911209
"CRI","HND",0.00899443211511682
"CRI","IRL",0.0352824285396583
"CRI","ITA",0.122934685416997
"CRI","MEX",0.0773076493346041
"CRI","NLD",12.0810827129823
"CRI","PAN",0.0298501500227801
"CRI","PER",0.0314259394440082
"CRI","PRT",2.83712281756445
"CRI","RUS",0.0358402854528655
"CRI","ESP",8.00355292157735
"CRI","TUN",0.0259565162297371
"CRI","TUR",0.019710944266656
"CRI","GBR",4.43663198829582
"CRI","UKR",0.00125315683401628
"CRI","USA",66.4976355134817
"CRI","BEL",2.28787630453931
"CYP","GRC",100
"BEN","DEU",68.1818181818182
"BEN","USA",31.8181818181818
"DNK","FRO",19.4444444444444
"DNK","ISL",77.7777777777778
"DNK","SWE",2.77777777777778
"BLR","RUS",100
"ECU","AUS",0
"ECU","CAN",0.779100521572726
"ECU","CHL",0.494505963545534
"ECU","COL",10.6330267465049
"ECU","FRA",0.163704001649294
"ECU","ITA",0.128919941863486
"ECU","NLD",2.69029161700029
"ECU","PAN",0.502058037747612
"ECU","CZE",0.0814091110279284
"ECU","PER",7.16726951693712
"ECU","ESP",3.30010726653191
"ECU","CHE",0.0364867759990997
"ECU","GBR",0.408651891189917
"ECU","USA",73.4753323692869
"ECU","URY",0.139136239143234
"ECU","BEL",0
"EGY","AUS",0.286550713370518
"EGY","BHR",2.90503137003215
"EGY","CAN",1.74894745746833
"EGY","GEO",2.95266553220922
"EGY","GAB",0.0889295317356779
"EGY","DEU",23.7787686802121
"EGY","GHA",0
"EGY","KAZ",0
"EGY","NLD",34.3465613681352
"EGY","PAK",0
"EGY","SAU",6.44245052129578
"EGY","TZA",0
"EGY","TUN",0
"EGY","ARE",3.65156402716545
"EGY","USA",3.20146314248441
"EGY","BEL",0.286550713370518
"EGY","PSE",20.3105169425207
"SLV","GTM",86.5778119198515
"SLV","USA",13.4221880801485
"EST","FIN",98.9143422894404
"EST","LVA",1.08565771055956
"FJI","AUS",29.7060066932008
"FJI","CAN",1.23742737454434
"FJI","KIR",3.59089449107203
"FJI","NZL",47.5423030226728
"FJI","TUV",1.41987023225644
"FJI","USA",16.0088712610823
"FIN","SWE",100
"FRA","DNK",1.72102317389736
"FRA","FIN",0.017373068259985
"FRA","DEU",0.173773875310994
"FRA","GRC",0.0052119204779955
"FRA","HUN",0.0020348566138767
"FRA","IRL",0.0793594079411911
"FRA","ISR",0.0052119204779955
"FRA","ITA",36.7702765422929
"FRA","CIV",0.0147671080209872
"FRA","LTU",0.50903090001756
"FRA","MEX",0.0608057389099475
"FRA","NLD",5.8416318129483
"FRA","NCL",0.199415948159916
"FRA","NOR",2.60748638145816
"FRA","CZE",1.85212265059847
"FRA","POL",2.03453506813818
"FRA","PRT",1.39160196438531
"FRA","SVN",0.0310315633616196
"FRA","SVK",0.013898454607988
"FRA","ESP",19.6216280110299
"FRA","SWE",0.228921369061128
"FRA","CHE",2.79700639957606
"FRA","TUN",0.00101742830693835
"FRA","GBR",11.6574247862525
"FRA","BEL",11.4523889864538
"FRA","LUX",0.911020663441003
"PYF","FRA",NA
"GAB","COG",99.4903466206133
"GAB","BEL",0.509653379386727
"DEU","AUS",1.21724836988243
"DEU","AUT",5.06182095738675
"DEU","BRA",0.154979560495341
"DEU","BGR",0.159450731388644
"DEU","CHL",0.0342586396884438
"DEU","CYP",0.000125489522668292
"DEU","DNK",0.30033317329606
"DEU","EST",0.00140603730370882
"DEU","FIN",1.20610545491931
"DEU","FRA",12.6340098972685
"DEU","GRC",3.16891481146527
"DEU","GTM",0.0178098058469784
"DEU","HUN",7.17897688031646
"DEU","HRV",0.137577422268964
"DEU","IND",0.0514507042939998
"DEU","IDN",0.162508931855438
"DEU","IRL",1.75064401257699
"DEU","ITA",3.23360362043235
"DEU","JPN",0.0234339550618137
"DEU","KEN",0.0383997939364974
"DEU","LVA",0.00814849922607977
"DEU","LTU",0.144891173510002
"DEU","MLT",0.00679584696792597
"DEU","MEX",0.65543177689649
"DEU","MNG",0.00234339550618137
"DEU","NLD",4.73072967810364
"DEU","NGA",0.0100391618134634
"DEU","NOR",0.049679984731045
"DEU","CZE",1.4107442007773
"DEU","PHL",0.501958090673169
"DEU","POL",7.99793745143217
"DEU","PRT",0.346001653175399
"DEU","ROU",0.0265968456828786
"DEU","RUS",0.469330814779413
"DEU","SAU",0.404076262991901
"DEU","SVN",0.0681831028579587
"DEU","SVK",0.00798279759117523
"DEU","ZAF",0.0352916749855474
"DEU","ESP",15.6414210796843
"DEU","SWE",1.45623935258666
"DEU","CHE",4.12561434661117
"DEU","TWN",0.00304641415803578
"DEU","THA",0.450507386379169
"DEU","TUR",0.139837620301554
"DEU","GBR",9.96804877291041
"DEU","USA",12.1659582436456
"DEU","VNM",0.0089049029234892
"DEU","BEL",2.47323764334309
"DEU","LUX",0.157963576548182
"GHA","AUS",0.122745439021669
"GHA","AUT",0.0623958317566193
"GHA","CAN",8.88262848307652
"GHA","CHN",2.20254242792425
"GHA","FRA",0.241354381174863
"GHA","GMB",0.0742807520912134
"GHA","DEU",1.15973977630562
"GHA","ISL",0.00208626802369392
"GHA","IDN",5.70858191356988
"GHA","IRL",0.485751069702895
"GHA","ITA",0.542846138894515
"GHA","JPN",0.373558102484373
"GHA","NLD",2.23864968084104
"GHA","NOR",0.00211730176109052
"GHA","RWA",0
"GHA","ZAF",0.475718162729066
"GHA","SWE",0.187401728166725
"GHA","CHE",0.0221470765298371
"GHA","THA",0
"GHA","TGO",0.142058434565385
"GHA","TUR",6.59380625865991
"GHA","ARE",2.4470091926335
"GHA","GBR",41.1950739888347
"GHA","USA",13.5768066180106
"GHA","COD",0.000424461440521219
"GHA","BEL",13.2602765118015
"GRC","AUT",0
"GRC","BGR",72.3961913233332
"GRC","CYP",0.160716451704201
"GRC","ROU",27.4430922249626
"GRC","BEL",0
"GTM","CAN",10.5589472861815
"GTM","CRI",23.7974485752871
"GTM","SLV",42.6318682545174
"GTM","HND",14.2959585700414
"GTM","NLD",0.00591537663091398
"GTM","NIC",4.28778307309397
"GTM","PAN",4.0908177729165
"GTM","USA",0.331261091331183
"GIN","CAN",1.29118400105642
"GIN","FRA",0.106042487690068
"GIN","GMB",1.25543634482883
"GIN","KOR",0.0482860132626472
"GIN","NLD",43.5964009579838
"GIN","USA",26.6418078176656
"GIN","BEL",27.0608423775126
"GUY","ATG",86.78752980341
"GUY","CAN",8.10652750910972
"GUY","LCA",0
"GUY","SUR",0.81425165324576
"GUY","TTO",4.29169103423456
"GUY","USA",0
"HND","CAN",0.320282751538476
"HND","SLV",0.682412431291823
"HND","NIC",0.246830028339595
"HND","ESP",21.8884302067439
"HND","USA",76.8620445820862
"HKG","AUS",0.297931373515414
"HKG","CAN",0.905802870726326
"HKG","CHN",41.1719920940025
"HKG","GHA",33.941874616137
"HKG","MAC",19.3335159446883
"HKG","MYS",0.761697868565319
"HKG","NLD",0.057184524667066
"HKG","NZL",0.0812020250272337
"HKG","PHL",2.20160419968204
"HKG","TWN",0.281347861361965
"HKG","GBR",0.0354544052935809
"HKG","USA",0.930392216333164
"HUN","BRA",2.24908048643096
"HUN","EST",0
"HUN","DEU",6.52233341064979
"HUN","ITA",34.1110540442029
"HUN","ROU",3.1861973557772
"HUN","SVN",0.59975479638159
"HUN","SVK",5.91346631763809
"HUN","GBR",42.545105868319
"HUN","SRB",4.87300772060042
"HRV","AUT",45.9069020866774
"HRV","DEU",0.963081861958266
"HRV","BIH",0.963081861958266
"HRV","HUN",13.1621187800963
"HRV","MKD",0
"HRV","SVN",22.4719101123595
"HRV","SVK",0
"HRV","SRB",0.321027287319422
"HRV","MNE",16.2118780096308
"IND","AFG",0.638070658313853
"IND","AUS",1.57045434548518
"IND","BHR",1.58875313256696
"IND","BGD",22.1296577245922
"IND","BTN",0.00110248067573697
"IND","BWA",0.0138592774402504
"IND","BRN",0.00075960792656411
"IND","BDI",0.00258266695031798
"IND","CAN",1.46634819062158
"IND","LKA",7.31992380393872
"IND","CHL",0.00300045130992824
"IND","CHN",0.0812780481423598
"IND","COG",0.000265862774297439
"IND","CYP",0.000873549115548727
"IND","BEN",0.00125335307883078
"IND","DNK",0.013672942678154
"IND","EGY",0.00151921585312822
"IND","GNQ",0.00106345109718975
"IND","FJI",0.0034182356695385
"IND","FIN",0.00436774557774364
"IND","FRA",0.0834687406156552
"IND","DJI",0.000151921585312822
"IND","GEO",0.00189901981641028
"IND","GAB",0.00106345109718975
"IND","GMB",0.0013672942678154
"IND","DEU",0.187233491585195
"IND","GHA",0.00885216021824132
"IND","GIN",0.000379803963282055
"IND","HKG",0.0356915003992107
"IND","HUN",0.00189901981641028
"IND","IRL",0.599179991492433
"IND","ISR",0.016445511610113
"IND","ITA",0.0757324906055542
"IND","CIV",0.000569705944923083
"IND","JAM",0.0013672942678154
"IND","JPN",0.0470956914469749
"IND","JOR",0.151921585312822
"IND","KEN",0.24106157549512
"IND","KHM",0.000911529511876933
"IND","KOR",0.00197498060906669
"IND","KWT",3.38803915609314
"IND","LBR",0.000379803963282055
"IND","MDG",0.363738255635224
"IND","MWI",0.0109383541425232
"IND","MYS",0.450941245604784
"IND","MDV",0.0270046912986855
"IND","MUS",0.188230844202587
"IND","MEX",0.0645666737579494
"IND","MNG",7.59607926564111e-05
"IND","MOZ",0.00508937310797954
"IND","NPL",7.39716816612187
"IND","NLD",0.585901961001515
"IND","NZL",0.987781557517341
"IND","NGA",0.0419683379426671
"IND","NOR",0.00539321627860519
"IND","PAN",0.00075960792656411
"IND","PHL",0.0082797263995488
"IND","POL",0.000141849436010315
"IND","PRT",0.00265862774297439
"IND","GNB",7.59607926564111e-05
"IND","QAT",4.72605977114302
"IND","RWA",0.00189901981641028
"IND","SAU",6.15042052870554
"IND","SEN",0.0766064593939906
"IND","SYC",0.0096470206673642
"IND","SLE",0.0014052746641436
"IND","SGP",0.188775369774253
"IND","ZAF",3.89333244720802
"IND","ESP",0.0157238840798771
"IND","SWE",0.0179168847540543
"IND","CHE",0.0797603011443382
"IND","TWN",0.00102547070086155
"IND","TZA",0.047855299373539
"IND","THA",0.0331568859945234
"IND","TGO",0.00206709880789587
"IND","TTO",0.00379803963282055
"IND","OMN",4.24731687542598
"IND","TUR",0.000531725548594877
"IND","ARE",15.8257349126427
"IND","UGA",0.0255715083875162
"IND","GBR",3.53865492921618
"IND","USA",11.1818531781495
"IND","UZB",0.00034182356695385
"IND","VNM",0.00151921585312822
"IND","YEM",0.00151921585312822
"IND","COD",0.00303843170625644
"IND","ZMB",0.00972298146002062
"IND","BEL",0.0677635319792765
"IND","SDN",0.00151921585312822
"IDN","AUS",0.0675015695352851
"IDN","SLB",0.000853245769379441
"IDN","BRN",0.00609497649589553
"IDN","MMR",0.000996792567325177
"IDN","CAN",0.0011614330472747
"IDN","LKA",0.228104431683833
"IDN","CHN",69.5010183758085
"IDN","COK",0.00114615103349477
"IDN","EGY",0.00127350114832752
"IDN","FRA",0.020098395122905
"IDN","DEU",0.000666751728287898
"IDN","GHA",0.00967860872728919
"IDN","HKG",0.0261157373001782
"IDN","IRN",0.00102324761880425
"IDN","ISR",0.00465085433736391
"IDN","ITA",7.64100688996515e-05
"IDN","CIV",5.0940045933101e-05
"IDN","JPN",0.226407537137153
"IDN","JOR",0.00811474931714299
"IDN","KOR",0.023545966773048
"IDN","KWT",0.000322850130895894
"IDN","LBN",0.00972037393621997
"IDN","MYS",6.84808312687363
"IDN","MDV",0.00978658192409711
"IDN","NLD",0.114278899046319
"IDN","NZL",0.0734632153860934
"IDN","PNG",0.00110838222595763
"IDN","PHL",1.14309463073879
"IDN","TLS",0.0737491550914416
"IDN","QAT",0.000433117036954396
"IDN","ROU",2.54700229665505e-05
"IDN","SAU",0.0108011472201553
"IDN","SGP",0.130770823348176
"IDN","CHE",0.000357396488013508
"IDN","TWN",12.317903073419
"IDN","THA",0.112615185888675
"IDN","TON",0.00118180906564794
"IDN","ARE",0.000198047018359796
"IDN","GBR",0.0396268527484668
"IDN","USA",0.795712533600649
"IDN","VNM",8.1735831423542
"IDN","PSE",0.01460451116902
"IRN","CAN",2.78436799789113
"IRN","GBR",97.2156320021089
"IRL","DEU",55.3334053820383
"IRL","CZE",2.6009582477755
"IRL","GBR",42.0656363701862
"ISR","AUS",17.5429463820927
"ISR","POL",0
"ISR","ZAF",24.9869859448204
"ISR","GBR",3.64393545028631
"ISR","USA",53.8261322228006
"ITA","AUT",2.35636887544964
"ITA","BGR",0.00144650269612918
"ITA","CYP",0.320212541593945
"ITA","DNK",0.164901307358727
"ITA","FIN",0.18297859519654
"ITA","FRA",21.2774313053072
"ITA","DEU",1.71335447251841
"ITA","GRC",1.81718299753559
"ITA","HUN",0.27700926217254
"ITA","HRV",2.58080855345015
"ITA","IRL",0.156613885834495
"ITA","LVA",0.173580323535502
"ITA","MLI",3.47160647071004
"ITA","MLT",3.95796702916877
"ITA","NLD",6.1729862185055
"ITA","CZE",0.00677698500727927
"ITA","POL",0.0795576482871051
"ITA","PRT",2.41853652447279
"ITA","ROU",0.115208745123748
"ITA","SVN",0.70266465775946
"ITA","ESP",34.8770820348441
"ITA","CHE",2.24845657762737
"ITA","GBR",4.81877199273488
"ITA","BEL",10.1084964931101
"CIV","CAN",2.47094241416233
"CIV","FRA",0.315239479890998
"CIV","DEU",0.00702367353777161
"CIV","ISL",9.79041132334741e-05
"CIV","IRL",0.00103204998922358
"CIV","ISR",0.00504206183152392
"CIV","LBN",0.0602029160380424
"CIV","MLI",0.80887215404085
"CIV","MAR",0.323536853487534
"CIV","NLD",0.00280946941510864
"CIV","RUS",0.0043002082884316
"CIV","SEN",0.409508294400638
"CIV","CHE",0.00670832492995329
"CIV","GBR",0.475787621112915
"CIV","USA",0.132541209183385
"CIV","BFA",91.223964674584
"CIV","BEL",3.75239069099402
"JAM","CAN",21.1961436085533
"JAM","GBR",14.6130235993836
"JAM","USA",64.1908327920631
"JPN","AUT",10.6518960374947
"JPN","CHN",26.7149552620366
"JPN","HKG",3.51512569237324
"JPN","MYS",2.98253089049851
"JPN","TWN",51.0438858116745
"JPN","USA",5.09160630592245
"JOR","SAU",NA
"KEN","BHR",0.0334713236013881
"KEN","IRL",4.88681324580266
"KEN","SOM",15.8316202962528
"KEN","SWE",0.571538638853891
"KEN","TZA",70.2992525790286
"KEN","OMN",0.301241912412493
"KEN","ARE",2.28615455541557
"KEN","GBR",4.41821471538323
"KEN","USA",0.971615686051615
"KEN","SSD",0.400077047197724
"KHM","CAN",0.0226963003603892
"KHM","CHN",64.8051344802176
"KHM","FRA",0.406144322238543
"KHM","HRV",0.0226963003603892
"KHM","IND",2.76626092418796
"KHM","ITA",2.49222698817874
"KHM","NLD",0.385419016383135
"KHM","PAK",0.14215051278349
"KHM","SGP",0.068686172143283
"KHM","THA",28.1593170163035
"KHM","GBR",0.0453926007207783
"KHM","USA",0.209044871740427
"KHM","VNM",0.0179181318634651
"KHM","BEL",0.456912362518361
"KOR","AUS",25.7637447669843
"KOR","CAN",13.2144414934487
"KOR","CHN",0.0561913735375885
"KOR","DEU",0.0561913735375885
"KOR","HKG",1.06763609721418
"KOR","ISR",0
"KOR","JPN",0
"KOR","NLD",33.3776758813275
"KOR","NZL",0
"KOR","NOR",0.0561913735375885
"KOR","PHL",0.168574120612765
"KOR","QAT",0.280956867687942
"KOR","SGP",0.168574120612765
"KOR","CHE",2.52861180919148
"KOR","USA",17.6420733685487
"KOR","VNM",5.61913735375885
"KWT","IRQ",100
"LVA","LTU",NA
"LBN","CYP",40
"LBN","QAT",30
"LBN","ARE",30
"LTU","BLR",45.4741070147755
"LTU","EST",5.192942189069
"LTU","DEU",10.385884378138
"LTU","KAZ",0
"LTU","LVA",38.9470664180175
"MDG","COM",72.6943762571039
"MDG","FRA",27.3056237428961
"MDG","BEL",0
"MWI","BWA",0.0425133218195044
"MWI","ZAF",99.9574866781805
"MYS","AUS",0.374907463902999
"MYS","BRN",3.65983074537351
"MYS","MMR",0.229453488458641
"MYS","LKA",1.71376049471184
"MYS","IDN",0.32561449399525
"MYS","JPN",2.64585578600234
"MYS","KHM",0.937807826272869
"MYS","PHL",0.213078606874731
"MYS","SGP",88.8088704411531
"MYS","THA",0.973987214494563
"MYS","USA",0.105681897173897
"MLI","CAN",46.3157894736842
"MLI","ISR",48.4210526315789
"MLI","RWA",5.26315789473684
"MUS","FRA",100
"MEX","USA",100
"MNG","RUS",100
"MAR","BHR",87.6923076923077
"MAR","QAT",3.07692307692308
"MAR","OMN",9.23076923076923
"NLD","AUT",2.28347464790426
"NLD","BRB",7.9976478615841e-05
"NLD","BRA",0.000341409024279887
"NLD","BGR",0.0736643727658399
"NLD","CAF",0.0159952957231682
"NLD","CYP",0.0757650756958979
"NLD","DNK",0.186865042285913
"NLD","BLR",0.000159952957231682
"NLD","EST",0.00906092005488009
"NLD","FRO",0.00215936492262771
"NLD","FIN",0.837902437655718
"NLD","FRA",16.7993279335063
"NLD","GEO",3.99882393079205e-05
"NLD","DEU",17.9580064070779
"NLD","GRC",1.25560185483185
"NLD","HKG",0.00199941196539603
"NLD","HUN",0.0200940902522301
"NLD","HRV",0.00569832410137867
"NLD","ISL",0.0563743634831926
"NLD","IND",0.000341409024279887
"NLD","IDN",7.9976478615841e-05
"NLD","IRQ",0.000359894153771285
"NLD","IRL",0.333843513476107
"NLD","ISR",0.0423467909320066
"NLD","ITA",18.0426337819985
"NLD","LVA",0.00337844035020832
"NLD","LBN",0.0388595146663234
"NLD","LTU",0.00308381002096789
"NLD","MLI",0.0354925803661046
"NLD","MLT",0.0533169607900695
"NLD","NGA",0.00443869456317918
"NLD","NOR",1.04583618921511
"NLD","CZE",0.225089083470027
"NLD","POL",4.28312352475581
"NLD","PRT",1.1645842838203
"NLD","QAT",0.00353895917875097
"NLD","ROU",0.0841561927423704
"NLD","SAU",0.000879741264774251
"NLD","SVN",0.0271878530064389
"NLD","SVK",0.0438140952413288
"NLD","SGP",0.00079976478615841
"NLD","ZAF",0.106724460989893
"NLD","ESP",13.8318542636163
"NLD","SWE",1.00427275280124
"NLD","CHE",1.03179107465328
"NLD","TTO",0.129735429226357
"NLD","OMN",3.99882393079205e-05
"NLD","TUR",0.00513264141418786
"NLD","ARE",0.167082181254711
"NLD","GBR",8.7276610864682
"NLD","UKR",0.0181546606457959
"NLD","VNM",0.000719788307542569
"NLD","BEL",9.86170699324986
"NLD","LUX",0.0944290205215589
"NLD","SRB",0.000899735384428212
"VUT","AUS",36.8624692226521
"VUT","NZL",63.1375307773479
"NZL","AUS",83.3622183708839
"NZL","COK",12.1317157712305
"NZL","FJI",0.346620450606586
"NZL","PYF",2.25303292894281
"NZL","VUT",1.90641247833622
"NIC","CAN",0.253168775858291
"NIC","COL",4.40893764720103
"NIC","CRI",2.89678219931863
"NIC","DOM",0.859945226181943
"NIC","ECU",2.49200823537449
"NIC","SLV",11.2807576458119
"NIC","FRA",0.379185439431025
"NIC","GTM",1.90612281773197
"NIC","HND",4.03309758313961
"NIC","ITA",4.55352697743757
"NIC","MEX",23.280916777409
"NIC","NLD",4.30661751556307
"NIC","PAN",0.817826239304559
"NIC","PER",2.40666287211887
"NIC","ROU",0.186346922902659
"NIC","ESP",0.376512430291028
"NIC","USA",35.5615846949244
"NGA","AUS",0.00443206995646118
"NGA","AUT",0.00498607870101883
"NGA","BHS",0.0011080174891153
"NGA","CAN",20.7328756942357
"NGA","CHN",19.9443148040753
"NGA","FIN",0.0058170918178553
"NGA","FRA",0.123266945664077
"NGA","DEU",0.0474104307233319
"NGA","ISL",0.00415506558418236
"NGA","IND",0.0591796322134552
"NGA","IRL",0.0011080174891153
"NGA","KEN",0
"NGA","MYS",0.00092334790759608
"NGA","MLT",0
"NGA","MAR",0.00313938288582667
"NGA","NLD",1.0460608445156
"NGA","NER",52.2057021924948
"NGA","NOR",0.00433973516570158
"NGA","CZE",0.000554008744557648
"NGA","POL",0
"NGA","ZWE",0.000184669581519216
"NGA","RUS",0.0819932941945319
"NGA","SGP",0.0126603193292466
"NGA","ZAF",0.171650376022111
"NGA","SWE",0.0797772592163013
"NGA","CHE",0.00470907432874001
"NGA","TUR",0.180962252561925
"NGA","ARE",0.569797993777541
"NGA","GBR",3.10358921708042
"NGA","USA",1.44696369758398
"NGA","BEL",0.158338486659957
"PAK","AFG",92.7721663934518
"PAK","AUS",0.735657364534164
"PAK","CAN",0.183914341133541
"PAK","DEU",1.65522907020187
"PAK","KOR",0.0597721608684008
"PAK","PER",2.29892926416926
"PAK","ARE",0.93796313978106
"PAK","GBR",0.154028260699341
"PAK","USA",1.20234000516052
"PAN","ECU",0
"PAN","JAM",0.115009785920381
"PAN","NLD",7.65319505256149
"PAN","PRT",5.17342265087468
"PAN","ESP",27.8364036238171
"PAN","USA",14.0089990113194
"PAN","URY",0
"PAN","BEL",45.212969875507
"CZE","AUT",0
"CZE","FRA",0.0314956600401989
"CZE","DEU",0.284464892289729
"CZE","HUN",9.45915510426485
"CZE","ITA",85.2936235103863
"CZE","POL",0.146674711312735
"CZE","ROU",0.00376704086235384
"CZE","SVK",4.67790068143459
"CZE","GBR",0.102918399409214
"PNG","AUS",100
"PRY","ARG",15.7378211693151
"PRY","BOL",12.7020331241642
"PRY","BRA",1.31593888372035
"PRY","CAN",1.19379103696133
"PRY","CHL",8.45033208523964
"PRY","COL",17.9388636381992
"PRY","CRI",0.305081508316517
"PRY","DOM",0.238389271614767
"PRY","ECU",2.4927003908347
"PRY","FRA",0.228796941399792
"PRY","DEU",0.167865778762065
"PRY","GTM",0.686788139652067
"PRY","ISR",0.874093995920812
"PRY","MEX",2.42901639970332
"PRY","NLD",0.626197533116647
"PRY","PAN",0.516510088498662
"PRY","PER",1.19223015482576
"PRY","ESP",2.8223019385173
"PRY","CHE",0.00908149606151493
"PRY","USA",24.2304957299415
"PRY","URY",3.51879428075036
"PRY","VEN",2.21219568123465
"PRY","SRB",0.110680733249713
"PER","ALB",0.00824427089760958
"PER","DZA",0.0741984380784862
"PER","ARG",0.193493037966897
"PER","AUS",1.25288770222989
"PER","AUT",0.0247328126928287
"PER","BRA",8.17881138668256
"PER","CAN",1.10777682659164
"PER","CHL",45.595722673225
"PER","CHN",0.394983018704475
"PER","COL",0.51769289318189
"PER","CRI",0.0319053283737491
"PER","CUB",0
"PER","DNK",0.0097282396591793
"PER","ECU",0.12902283954759
"PER","SLV",0.00329770835904383
"PER","FIN",0.0164885417952192
"PER","FRA",0.526231811394419
"PER","DEU",5.16290781737279
"PER","GHA",0.0161587709593148
"PER","GRC",0.329358622359503
"PER","GTM",0.133062532287419
"PER","HKG",0.228283861154809
"PER","HUN",0.00164885417952192
"PER","HRV",0.0234137293492112
"PER","IND",0.00890381256941835
"PER","IDN",0.0253923543646375
"PER","ISR",0.100992318495717
"PER","ITA",0.37340010288655
"PER","JPN",1.38850010457541
"PER","KOR",0.892194996539309
"PER","KWT",0.00164885417952192
"PER","LVA",0.0164885417952192
"PER","LBN",0.00164885417952192
"PER","LTU",0.00098931250771315
"PER","MYS",0.283438033459817
"PER","MUS",0.00131908334361753
"PER","MEX",1.66311676817478
"PER","NLD",3.68972490370521
"PER","NZL",0.138668636497793
"PER","NOR",0.000494656253856575
"PER","PAK",0.0659541671808766
"PER","PAN",0.45013231274268
"PER","CZE",0.0829578539505263
"PER","PHL",0.0353679221507451
"PER","POL",0.0244030418569244
"PER","PRT",0.131908334361753
"PER","ROU",0
"PER","RUS",0.132320547906634
"PER","SAU",0.00288549481416335
"PER","SEN",0.00164885417952192
"PER","SVN",0.0059358750462789
"PER","SVK",0.000164885417952192
"PER","SGP",0.13388695937718
"PER","ZAF",0.230344928879212
"PER","ESP",1.03120706302006
"PER","SWE",0.0939846882327492
"PER","CHE",0.00571537738676887
"PER","TWN",0.617495890230958
"PER","TZA",0.00164885417952192
"PER","THA",0.0058534323373028
"PER","TUN",0.019786250154263
"PER","TUR",0.0282778491788009
"PER","ARE",0.0389954013456933
"PER","GBR",2.98409629409876
"PER","UKR",0.000659541671808766
"PER","USA",21.0334044295189
"PER","URY",0.230262486170236
"PER","VEN",0
"PER","VNM",0.0130259480182231
"PER","BEL",0.0162412136682909
"PER","SRB",0.034461052352008
"PHL","AUS",3.66504573183654
"PHL","BHR",0.277188332659906
"PHL","CAN",21.6379259192283
"PHL","HKG",1.23251325898319
"PHL","KOR",2.21891944584938
"PHL","KWT",2.67468374817398
"PHL","NLD",0.0813763912396054
"PHL","NZL",0.431181850804298
"PHL","QAT",1.29608856463913
"PHL","SAU",0.529511656885488
"PHL","SGP",2.41783951332397
"PHL","ARE",0.483172322985157
"PHL","GBR",2.43705338347777
"PHL","USA",60.6174998799133
"POL","AUT",0.0994060807047397
"POL","BGR",0
"POL","CHN",0.0497030403523698
"POL","CYP",0.0165676801174566
"POL","DNK",0.107689920763468
"POL","EST",0.0911222406460114
"POL","FIN",14.910912105711
"POL","FRA",0.828384005872831
"POL","DEU",0.198812161409479
"POL","GRC",3.52891586501826
"POL","HUN",20.734451666997
"POL","IND",0.356205122525317
"POL","IRL",1.54079425092347
"POL","ITA",1.93841857374242
"POL","LVA",0.613004164345895
"POL","LTU",1.52422657080601
"POL","MDA",0.0994060807047397
"POL","NLD",0.165676801174566
"POL","CZE",4.47327363171329
"POL","ROU",1.11831840792832
"POL","RUS",4.3324483507149
"POL","SWE",0.0828384005872831
"POL","CHE",0.0165676801174566
"POL","GBR",42.2807196597493
"POL","UKR",0.892137537374535
"PRT","AUT",0.0044817414641948
"PRT","BGR",0.000512979551269165
"PRT","CAN",0.0111550287036342
"PRT","CPV",2.53952651623172
"PRT","CYP",0.00193050292666975
"PRT","GNQ",0.00102595910253833
"PRT","FRA",6.36460255330867
"PRT","DEU",0.461623923885005
"PRT","GRC",0.00564125737298072
"PRT","HUN",0.00161178782085164
"PRT","HRV",0.000512979551269165
"PRT","ISL",0
"PRT","IRL",0.551283036224582
"PRT","ISR",0
"PRT","ITA",0.229550760738051
"PRT","LTU",0.00102595910253833
"PRT","MAC",0.0128244887817291
"PRT","MLT",0.000512979551269165
"PRT","MOZ",0.0717974071949419
"PRT","NLD",0.244806590469878
"PRT","NOR",0.0308895645176962
"PRT","CZE",0.0176977945187862
"PRT","PER",0
"PRT","POL",0.00357112687614303
"PRT","GNB",0.0295479256912999
"PRT","ROU",0.000512979551269165
"PRT","STP",0.00479893887903284
"PRT","SEN",0.000549404134791235
"PRT","SVN",0
"PRT","ZAF",0.0253924877878236
"PRT","ESP",84.4184267354258
"PRT","SWE",0.018188008705354
"PRT","CHE",2.32641538418996
"PRT","ARE",0.00417668557719746
"PRT","GBR",1.28203151315339
"PRT","USA",0.000512979551269165
"PRT","VEN",0
"PRT","ETH",0.00311430189113706
"PRT","BEL",0.72906839301385
"PRT","LUX",0.348985452415941
"ROU","CZE",100
"RWA","AUS",0.545986915423287
"RWA","AUT",0.000429234996401955
"RWA","CAN",0.252595309526277
"RWA","CHN",0.000125687595631512
"RWA","BEN",0.00125687595631512
"RWA","IND",0.000214617498200978
"RWA","SWE",0.00201100153010419
"RWA","ARE",0.504136503274097
"RWA","GBR",0.0247545276792365
"RWA","USA",0.860314991849219
"RWA","COD",97.5731094804055
"RWA","BEL",0.235064854265766
"RUS","ARM",0.186118251928021
"RUS","AZE",0.0620394173093402
"RUS","BLR",51.4231362467866
"RUS","GEO",0.0620394173093402
"RUS","KAZ",42.403941730934
"RUS","KGZ",5.0872322193659
"RUS","MNG",0.186118251928021
"RUS","UKR",0.465295629820051
"RUS","UZB",0.12407883461868
"LCA","CAN",100
"VCT","BRB",63.5935508892459
"VCT","TTO",1.7618704637376
"VCT","GBR",0
"VCT","USA",34.6445786470165
"SEN","CPV",1.05395032513373
"SEN","FRA",98.9460496748663
"SLE","USA",100
"SVN","ALB",0.302604741364898
"SVN","BGR",0.605209482729796
"SVN","CHN",1.21041896545959
"SVN","CYP",1.51302370682449
"SVN","FRA",0.302604741364898
"SVN","DEU",75.499882970542
"SVN","GRC",3.63125689637877
"SVN","HKG",0.151302370682449
"SVN","HRV",1.51302370682449
"SVN","ITA",0.907814224094693
"SVN","NLD",0.605209482729796
"SVN","CZE",2.72344267228408
"SVN","ROU",7.26251379275755
"SVN","ESP",0
"SVN","CHE",0
"SVN","SRB",3.77169224596248
"SVK","AUT",0
"SVK","BGR",2.25118483412322
"SVK","GRC",0.23696682464455
"SVK","HUN",11.9668246445498
"SVK","CZE",78.5545023696682
"SVK","ROU",5.6872037914692
"SVK","SVN",0.23696682464455
"SVK","UKR",1.06635071090047
"SGP","AUS",0.473878226249044
"SGP","BGD",0.04675573582706
"SGP","SLB",0.0296700493801419
"SGP","BRN",8.84841358671883
"SGP","MMR",0.567884745135915
"SGP","LKA",0.0334484727956793
"SGP","CHN",1.03663546229871
"SGP","FJI",2.03348683076007
"SGP","FRA",0.0455476238716366
"SGP","HKG",0.0482261244620869
"SGP","IND",0.118680197520567
"SGP","IDN",65.5600361154988
"SGP","JPN",0.186981962577052
"SGP","KHM",0.139082044735222
"SGP","KOR",1.06218776780908
"SGP","MYS",2.19430669454668
"SGP","MDV",0.0606941021187366
"SGP","MUS",0.0753520900500752
"SGP","NCL",0.00508488912581216
"SGP","NZL",0.0224262953353437
"SGP","PHL",4.7276256682318
"SGP","TLS",0.0448017745640142
"SGP","QAT",0.000695033200949179
"SGP","SYC",0.0881856158289222
"SGP","ZAF",1.22715324236267
"SGP","TWN",0.278937805675274
"SGP","THA",7.95424353832223
"SGP","ARE",0.0154644887211192
"SGP","GBR",0.00356040592561702
"SGP","VNM",2.70590850346894
"ZAF","BWA",3.47491627285122
"ZAF","CAN",4.18931734244073
"ZAF","DEU",4.42394927392346
"ZAF","KEN",0.0421693604966708
"ZAF","LSO",0.635251446196206
"ZAF","MWI",0.421693604966708
"ZAF","MOZ",0.233424672041089
"ZAF","NAM",31.9517837523
"ZAF","NLD",17.6979574546947
"ZAF","PRT",8.40557563242127
"ZAF","QAT",0.633112267185576
"ZAF","ZWE",11.5582383543148
"ZAF","SYC",0.00673523688495294
"ZAF","SWZ",7.20766715645394
"ZAF","ARE",1.99346067802444
"ZAF","COD",5.0932369643779
"ZAF","ZMB",2.03151053042638
"ESP","AUT",0.0713364581438296
"ESP","BGR",0.0358038497147738
"ESP","CPV",0.0996811725013589
"ESP","DNK",0.0210851716444923
"ESP","EST",0.00277894373858236
"ESP","FIN",0.0016274477143079
"ESP","FRA",20.2885436649787
"ESP","DEU",4.7797665976413
"ESP","GRC",0.00379737800005177
"ESP","HKG",0.00461110185720572
"ESP","HUN",0.372821147219368
"ESP","HRV",0.122601061144528
"ESP","IRL",0.830405196225606
"ESP","ITA",15.0609487485368
"ESP","MLT",0.00522651251017906
"ESP","MAR",0.000271241285717983
"ESP","NLD",3.0498037511723
"ESP","NZL",0
"ESP","NOR",3.72033523938764
"ESP","CZE",0.19502248443123
"ESP","POL",2.11324085702881
"ESP","PRT",31.0721785471864
"ESP","ROU",5.86884002243984
"ESP","SVN",0.0130195817144632
"ESP","SVK",0.0164420837866123
"ESP","SWE",0.049138173675872
"ESP","CHE",0.0818291458050239
"ESP","THA",0
"ESP","GBR",9.99006604379858
"ESP","USA",0.146741535573429
"ESP","BEL",1.90446183342758
"ESP","LUX",0.0775750077153432
"SUR","FRA",66.6944560233431
"SUR","NLD",33.3055439766569
"SWE","DNK",28.2134231135183
"SWE","FIN",66.1801946863793
"SWE","ISL",4.52267681573105
"SWE","NOR",1.08370538437142
"CHE","AUT",0
"CHE","DEU",21.5311004784689
"CHE","ESP",0
"CHE","GBR",78.4688995215311
"TWN","ARM",0.000503799505040297
"TWN","ARG",0.00642344368926379
"TWN","AUS",4.18954791603024
"TWN","AUT",0.000566774443170335
"TWN","BHS",0.000251899752520149
"TWN","BHR",0.0176539743224538
"TWN","BGD",0.0109891267036915
"TWN","BOL",0.000902640779863866
"TWN","BRA",0.0668374010020128
"TWN","BLZ",0.085278562051092
"TWN","BRN",0.0811746952496179
"TWN","BGR",0.00109156559425398
"TWN","MMR",0.0498236718838811
"TWN","CAN",5.67531192010197
"TWN","LKA",0.00274990563167829
"TWN","CHL",0.0462026129414039
"TWN","CHN",1.47932327996666
"TWN","COL",0.0478714488018499
"TWN","CRI",0.0125530043339207
"TWN","CYP",0.00117553217842736
"TWN","DNK",0.00960367806483067
"TWN","DOM",0.000640245204322045
"TWN","BLR",0.00839665841733829
"TWN","SLV",0.000125949876260074
"TWN","EST",0.00209916460433457
"TWN","FJI",0.00372601717269387
"TWN","FIN",0.00228808941872468
"TWN","FRA",0.371583622436284
"TWN","PYF",0.000461816212953606
"TWN","GEO",0.00629749381300372
"TWN","DEU",1.95169829088007
"TWN","GHA",0.000188924814390112
"TWN","GRC",0.00274990563167829
"TWN","GTM",0.0172236455785652
"TWN","HND",0.00187875232087944
"TWN","HKG",4.28139315206266
"TWN","HUN",0.00861707070079342
"TWN","ISL",0.00295982209211175
"TWN","IND",0.0209916460433457
"TWN","IDN",3.93195571620211
"TWN","IRL",0.0146206814691903
"TWN","ISR",0.0402934645802021
"TWN","ITA",0.0579999180177642
"TWN","JPN",7.33422209527186
"TWN","JOR",0.0093202908432455
"TWN","KHM",0.280049549864275
"TWN","KOR",7.31627087460239
"TWN","KWT",0.0174020745699336
"TWN","LVA",0.00192073561296613
"TWN","LBN",0.00455518719140602
"TWN","LBY",0.00209916460433457
"TWN","LTU",0.0283387221585167
"TWN","MAC",0.338889133723773
"TWN","MDG",0.00209916460433457
"TWN","MYS",6.71539550243465
"TWN","MDV",0.000503799505040297
"TWN","MLT",0.00199420637411784
"TWN","MUS",0.0238360140822191
"TWN","MEX",0.244668130458216
"TWN","MNG",0.0154918347799891
"TWN","MAR",0.00839665841733829
"TWN","NLD",0.885207217824868
"TWN","NCL",0.000314874690650186
"TWN","NZL",0.778023873127544
"TWN","NGA",0.00333767172089197
"TWN","NOR",0.0514715160982837
"TWN","PAK",0.00410386680147409
"TWN","PAN",0.00629749381300372
"TWN","CZE",0.0173600912778469
"TWN","PER",0.0141273777871717
"TWN","PHL",3.28766962001672
"TWN","POL",0.0338070459528083
"TWN","PRT",0.00298081373815509
"TWN","QAT",0.0300600371340711
"TWN","ROU",0.00118602800144903
"TWN","RUS",0.117070409983739
"TWN","SAU",0.0483122733687602
"TWN","SEN",0.00014694152230342
"TWN","SYC",0.00209916460433457
"TWN","SVN",0.00487006188205621
"TWN","SGP",3.09310854866397
"TWN","ZAF",0.0308787113297616
"TWN","ESP",0.00673831837991398
"TWN","SUR",0.00736806776121435
"TWN","SWE",0.0398106567212052
"TWN","CHE",0.0708677970423352
"TWN","SYR",0.0106007812518896
"TWN","THA",0.69366894350236
"TWN","TTO",0.00142743193094751
"TWN","OMN",0.00439774984608093
"TWN","TUN",0.00209916460433457
"TWN","TUR",0.01129350557132
"TWN","ARE",0.219299726214833
"TWN","GBR",1.58032458490422
"TWN","UKR",0.00752550510653944
"TWN","USA",36.2808694557245
"TWN","URY",0.00388345451801896
"TWN","VNM",7.70376616473954
"TWN","BEL",0.0396637151989018
"TZA","AUS",0.00539218802291516
"TZA","BWA",0.0114906732339147
"TZA","BDI",36.1000359615744
"TZA","CHN",3.08657394958247
"TZA","KEN",0.618413460639119
"TZA","RWA",1.11840732243245
"TZA","OMN",0.250610751563638
"TZA","ARE",0.00293504341164431
"TZA","UGA",43.0389453138417
"TZA","GBR",0.00200034783584894
"TZA","USA",0.00101103525429659
"TZA","COD",15.7638469408562
"TZA","ZMB",0.000337011751432198
"THA","DZA",0.0257920788321303
"THA","AUS",0.248290735916186
"THA","AUT",8.93220738509723e-05
"THA","BHS",0.000668815528342256
"THA","BHR",0.00239568108071072
"THA","BRB",7.88809474543818e-06
"THA","BGD",0.277255192624553
"THA","BRA",0.000304047059266118
"THA","BRN",0.00747172547610143
"THA","BGR",2.81606538249371e-05
"THA","MMR",0.145564984807729
"THA","CAN",0.233438919400914
"THA","LKA",0.0395582000406328
"THA","CHL",0.00139083728648466
"THA","CHN",81.1882045911327
"THA","COL",0.000891987251307481
"THA","CRI",0.00082281910394738
"THA","CYP",2.90129609063444e-05
"THA","BEN",0.000343207968491421
"THA","DNK",0.000247114113106026
"THA","DOM",0.0084173954323601
"THA","ECU",0.00170019947468058
"THA","EGY",0.000496065086539239
"THA","SLV",0.00465970818759506
"THA","EST",6.16014302420499e-07
"THA","FJI",0.0118672719503649
"THA","FIN",0.00651011013305335
"THA","FRA",0.11723895472325
"THA","PYF",0.00302699266647538
"THA","GEO",0.000318215388221789
"THA","DEU",0.0782318764728598
"THA","GHA",0.0193038641908648
"THA","GRC",0.0137794552197447
"THA","GTM",0.00744937295712789
"THA","GIN",1.31468245757303e-05
"THA","GUY",0.00133173491978992
"THA","HND",1.91844454182384e-05
"THA","HKG",0.168476864702035
"THA","HUN",0.00130260624348975
"THA","HRV",0.000677615732662548
"THA","IND",0.00529323489661294
"THA","IDN",1.7513950474112
"THA","IRN",0.00246960133840378
"THA","IRL",0.00529121084961927
"THA","ISR",0.0462297457892493
"THA","ITA",0.0249540018269685
"THA","JAM",0.000352008172811713
"THA","JPN",2.3143128157939
"THA","JOR",0.000166405056908865
"THA","KEN",0.00284246599545459
"THA","KHM",0.00955582341097341
"THA","KOR",0.206663337999333
"THA","KWT",0.0112768307499797
"THA","LAO",0.398897533783098
"THA","LBN",0.00800732001080933
"THA","MAC",0.000850844594413144
"THA","MDG",4.13609603053763e-06
"THA","MYS",2.2026894586341
"THA","MDV",3.69749579201077e-05
"THA","MLT",2.62494050302923e-05
"THA","MRT",0.00217365046711233
"THA","MUS",0.0198082919025039
"THA","MEX",0.0140307817621453
"THA","MNG",0.000334407764171128
"THA","MOZ",0.0176356094578668
"THA","MDA",3.52008172811713e-06
"THA","NPL",0.00100528331824295
"THA","NLD",0.376829849710051
"THA","NCL",0.00099297664577028
"THA","VUT",2.32986624877587e-06
"THA","NZL",0.0470890492761908
"THA","NGA",2.31445373623702e-05
"THA","NOR",0.0264862146389583
"THA","PAK",0.109301338165047
"THA","PAN",0.00370488601884328
"THA","CZE",0.0023513606262784
"THA","PNG",0.00599301304438775
"THA","PER",0.0113806002310891
"THA","PHL",1.60559527850039
"THA","POL",0.0084826414113085
"THA","PRT",3.28247621146923e-05
"THA","QAT",0.0132074414527266
"THA","ZWE",0.00133710304442529
"THA","ROU",0.000739217162904598
"THA","RUS",0.0266771489283623
"THA","SAU",0.0130911732504867
"THA","SEN",0.0244681760941854
"THA","SYC",4.40010216014642e-07
"THA","SVN",0.000352008172811713
"THA","SGP",1.05830422303309
"THA","ZAF",0.16554395983332
"THA","ESP",0.0360949049127365
"THA","SUR",0.000793514423560805
"THA","SWZ",0.000100573208004337
"THA","SWE",0.056863515951398
"THA","CHE",0.00858126933657883
"THA","TWN",4.4502792599487
"THA","TON",0.000443212323509308
"THA","TTO",0.00192310865011359
"THA","OMN",0.0172923027909513
"THA","TUR",0.00293611281059998
"THA","ARE",0.0199730390203668
"THA","GBR",0.101677252466413
"THA","UKR",0.000673567638675214
"THA","USA",1.86027163763723
"THA","VEN",0.0016016371862933
"THA","VNM",0.174201551251312
"THA","BEL",0.0989542927594285
"THA","LUX",0
"TGO","AUS",1.86321364404764
"TGO","CAN",53.0408021932168
"TGO","GMB",8.91480150712778
"TGO","DEU",8.74235140902117
"TGO","IND",3.96524399846081
"TGO","MAR",1.16624823484141
"TGO","NLD",4.35614978802633
"TGO","SEN",0.868771171271479
"TGO","ESP",3.48328063953187
"TGO","USA",7.59013681316033
"TGO","BEL",6.00900060129439
"TON","AUS",33.2888874338705
"TON","NZL",55.167702018768
"TON","USA",11.5434105473614
"TTO","BRB",67.7461350691619
"TTO","COL",1.089460836795
"TTO","GRD",28.5246884501734
"TTO","NOR",0.907884030662498
"TTO","VCT",1.55025480707464
"TTO","USA",0.1815768061325
"OMN","ARE",100
"TUR","AFG",0
"TUR","ATG",0
"TUR","BHS",0
"TUR","CAN",0.833097124829006
"TUR","CYP",0.446125975130325
"TUR","AZE",3.89682412530964
"TUR","DEU",13.1619486585411
"TUR","HKG",0.416548562414503
"TUR","IND",0.416548562414503
"TUR","IRQ",1.24964568724351
"TUR","KAZ",0.833097124829006
"TUR","LBR",0.624822843621754
"TUR","MLT",0.208274281207251
"TUR","PAN",0.833097124829006
"TUR","QAT",2.29101709327977
"TUR","RUS",1.33837792539098
"TUR","SGP",0.208274281207251
"TUR","SWE",15.676028739386
"TUR","CHE",0.833097124829006
"TUR","SYR",1.04137140603626
"TUR","THA",0.446125975130325
"TUR","TGO",4.16548562414503
"TUR","OMN",6.35421416511591
"TUR","GBR",43.8928804702809
"ARE","AFG",0.0365549034341301
"ARE","BHR",16.7287891734999
"ARE","EGY",0.0248385882308833
"ARE","GEO",0.1490315293853
"ARE","IND",0.1490315293853
"ARE","KEN",1.65590588205888
"ARE","KWT",6.18066870478479
"ARE","MDV",0.170745766895317
"ARE","QAT",8.80941929255327
"ARE","SAU",28.6016343478621
"ARE","OMN",37.4933802819102
"UGA","BDI",1.32670392530624
"UGA","CAN",0.0105958808567375
"UGA","KEN",31.6460448673953
"UGA","NOR",0.01447700587611
"UGA","SWE",0.00837224436208771
"UGA","TZA",31.359297425306
"UGA","ARE",0.0106397272101531
"UGA","USA",0.0110319352505962
"UGA","COD",34.8818556393505
"UGA","BEL",0.0087210878771747
"UGA","SSD",0.72226026120911
"GBR","AUS",0.0155711655551813
"GBR","AUT",0.384512580902878
"GBR","BHR",0.0611483049711361
"GBR","BGR",0.0551655376138396
"GBR","CAN",0.0193856404308293
"GBR","CAF",0.0155650230835619
"GBR","CYP",0.202345300086305
"GBR","DNK",0.530820112405388
"GBR","EST",1.3295932642639
"GBR","FIN",0.123439109663481
"GBR","FRA",4.3388177517307
"GBR","DEU",27.6277378416454
"GBR","GRC",0.244891129758085
"GBR","HKG",0.0341152873741527
"GBR","HUN",0.750189272584862
"GBR","HRV",0.0268364585051626
"GBR","ISL",0.071802421994987
"GBR","IRL",20.0873717448087
"GBR","ITA",2.02890751566108
"GBR","JPN",0.0611483049711361
"GBR","KEN",2.72703012756409
"GBR","KWT",0
"GBR","LVA",0.0145330878515026
"GBR","LBN",0.111074314293627
"GBR","LTU",0.241208718022254
"GBR","MLT",0.292344794253767
"GBR","NLD",15.4123765213482
"GBR","NGA",1.9900993799697
"GBR","NOR",0.695582699888388
"GBR","CZE",0.36685604623291
"GBR","POL",2.07101415861207
"GBR","PRT",0.0910559992859991
"GBR","QAT",0.376226386688306
"GBR","ROU",0.141547115997475
"GBR","SAU",0.111178736311156
"GBR","SVN",0.03414292849644
"GBR","SVK",0.0220146182839329
"GBR","ZAF",0.250152156700102
"GBR","ESP",1.50826547872904
"GBR","SWE",1.28085889443557
"GBR","CHE",0.491281022591304
"GBR","TWN",0.182308557663819
"GBR","TUR",0.0311423311103626
"GBR","USA",7.40091663489729
"GBR","BEL",4.35533792915107
"GBR","LUX",0.0174937591720538
"GBR","SDN",1.17302780515699
"GBR","SSD",0.601566029281838
"USA","ARG",1.43382310416738
"USA","AUS",0.0924115959843756
"USA","BHS",0.0766290373841922
"USA","BGD",0.0771704024746316
"USA","BRA",2.98213794225667
"USA","CMR",0.090106481502171
"USA","CAN",87.1030109822686
"USA","LKA",0.309871134406806
"USA","CHL",0.0202219166407512
"USA","CRI",0.340128431843926
"USA","DOM",0.0443097879334108
"USA","ECU",0.27626706704791
"USA","DEU",0.846792759331458
"USA","GTM",0.0264718492781755
"USA","IDN",0.016058580861773
"USA","JPN",0.18269059140004
"USA","KOR",0.182175514144038
"USA","KWT",0.0217696128932364
"USA","MYS",0.0356857352483845
"USA","MEX",3.1984827122
"USA","NLD",0.317874958498081
"USA","NGA",0.188837015689368
"USA","PAN",0.0102752572856076
"USA","PER",0.103488632220315
"USA","SGP",0.0475448345588284
"USA","ZAF",1.29152623486445
"USA","SUR",0.0475448345588284
"USA","THA",0.636692993056594
"URY","ARG",10.2763058289175
"URY","PRY",41.5783497350492
"URY","GBR",48.1453444360333
"VEN","CAN",0.225092109622521
"VEN","SEN",54.7842895030825
"VEN","USA",44.990618387295
"VNM","DZA",0.00739479912858676
"VNM","AUS",0.0591214442177905
"VNM","BGD",0.0250882911074884
"VNM","CAN",0.0184014275393636
"VNM","LKA",0.00628051432838875
"VNM","CHL",0.10370749934061
"VNM","CHN",90.5081059155496
"VNM","CYP",0.00158617779042818
"VNM","FIN",7.8818906426194e-05
"VNM","FRA",0.0125526150883046
"VNM","DEU",0.00215486039774973
"VNM","GTM",0
"VNM","ISL",6.92113947553089e-05
"VNM","IND",0.176298764466722
"VNM","IDN",0.261258001365577
"VNM","ISR",0.00170774172887671
"VNM","ITA",5.93240526474076e-05
"VNM","JPN",0.210243636670754
"VNM","KGZ",1.28311583053104e-05
"VNM","KEN",0.00328363481797643
"VNM","KHM",0.0417958098692452
"VNM","KOR",4.2434648149804
"VNM","LTU",0.0122476782644794
"VNM","MYS",0.897753395993935
"VNM","MRT",0.0180426345496304
"VNM","NLD",0.0131931115134457
"VNM","NZL",0.00475244985758382
"VNM","NOR",0.000282417935790349
"VNM","PAK",0.0654746995355134
"VNM","CZE",0.000389759025893468
"VNM","PHL",0.85345771905007
"VNM","POL",0.359647465031452
"VNM","ROU",0.000237714090708908
"VNM","RUS",0.0155500132177935
"VNM","SAU",0.000151332300338293
"VNM","SEN",0.0151495460138435
"VNM","SVN",0.000877921357731761
"VNM","SGP",0.056288125597814
"VNM","ZAF",0.437762653874637
"VNM","ESP",0.0128311583053104
"VNM","SWE",0.000762709570203504
"VNM","CHE",0.000571568591895304
"VNM","TWN",1.33094637219369
"VNM","TZA",0.00243116683679565
"VNM","THA",0
"VNM","TUR",0.00384934749159311
"VNM","ARE",0.0737940267138851
"VNM","GBR",0.0069720480941691
"VNM","UKR",0.000109715917745262
"VNM","USA",0.126708846762949
"VNM","VEN",0.0028694521915402
"VNM","BEL",0.00422881621954937
"ETH","DJI",100
"COD","BDI",0.013050652357768
"COD","CAN",1.16439939221454
"COD","COG",0.00764292348023982
"COD","FRA",1.4900239839986
"COD","DEU",0.0382146174011991
"COD","NOR",0.00458575408814389
"COD","ZAF",0.0026101304715536
"COD","CHE",0.366860327051511
"COD","UGA",1.43557175935448
"COD","USA",3.44390132019606
"COD","BEL",10.3356696284317
"ZMB","BDI",11.6799931704878
"ZMB","MOZ",66.511729837154
"ZMB","ZAF",0.370250110427266
"ZMB","USA",9.40592108340501
"ZMB","COD",12.0321057985258
"BEL","DZA",0.000366251662538605
"BEL","AUS",0.000162778516683824
"BEL","AUT",0.166237560163356
"BEL","CMR",8.13892583419122e-05
"BEL","DNK",0.0299308997552382
"BEL","ECU",0.0165627140725791
"BEL","EGY",0.00406946291709561
"BEL","EST",0.00146568114677051
"BEL","FRA",22.6870828668421
"BEL","DEU",0.932079566732512
"BEL","HUN",0.0472057698383091
"BEL","IRL",0.000325557033367649
"BEL","ISR",0.00324444113951095
"BEL","ITA",0.201967444575455
"BEL","CIV",0.00479027496749387
"BEL","LTU",0.000178741603264697
"BEL","MLT",0.00459849309631804
"BEL","NLD",73.1941341241647
"BEL","CZE",0.00651114066735298
"BEL","POL",0.654639660547617
"BEL","PRT",0.00376773809749659
"BEL","RUS",0.0092707311559956
"BEL","SYC",0.00120049156054321
"BEL","ESP",0.639576802117024
"BEL","SWE",9.53288550745049e-05
"BEL","CHE",0.000284862404196693
"BEL","TGO",0.00569724808393385
"BEL","TUR",0.00447640920880517
"BEL","ARE",0.063076675214982
"BEL","GBR",1.22792423724854
"BEL","USA",0.0209984286522134
"BEL","COD",0.017661469060195
"BEL","LUX",0.0495819090007027
"BEL","SRB",0.000752850639662688
"LUX","FRA",83.7696335078534
"LUX","DEU",0.523560209424084
"LUX","BEL",15.7068062827225
