Series Name,Series Code,Country Name,Country Code,2000 [YR2000],2013 [YR2013],2014 [YR2014],2015 [YR2015],2016 [YR2016],2017 [YR2017],2018 [YR2018],2019 [YR2019],2020 [YR2020],2021 [YR2021],2022 [YR2022]
Political Stability and Absence of Violence/Terrorism: Estimate,PV.EST,Afghanistan,AFG,-2.438968897,-2.519349098,-2.411068439,-2.56262517,-2.662156105,-2.794973612,-2.753262043,-2.652406931,-2.702631712,-2.518530369,-2.550801754
Political Stability and Absence of Violence/Terrorism: Estimate,PV.EST,Albania,ALB,-0.539989591,0.091929786,0.485986233,0.341639042,0.337447882,0.37376982,0.366642982,0.11004968,0.088576451,0.196294025,0.114945494
Political Stability and Absence of Violence/Terrorism: Estimate,PV.EST,Algeria,DZA,-1.432577372,-1.202371478,-1.190535188,-1.090786576,-1.099741936,-0.919614136,-0.84212178,-1.055829883,-0.847814322,-0.992437243,-0.741771519
Political Stability and Absence of Violence/Terrorism: Estimate,PV.EST,American Samoa,ASM,..,0.928985775,1.08068347,1.151678085,1.158555984,1.184322,1.166080236,1.145717978,1.09160161,1.068576336,1.128859043
Political Stability and Absence of Violence/Terrorism: Estimate,PV.EST,Andorra,AND,1.166981459,1.28392601,1.286593318,1.365985394,1.382750273,1.39288795,1.391008735,1.577211499,1.588571787,1.581067443,1.587736487
Political Stability and Absence of Violence/Terrorism: Estimate,PV.EST,Angola,AGO,-2.038173914,-0.391233474,-0.333232045,-0.505385816,-0.321580082,-0.389134824,-0.347750902,-0.370094687,-0.600726008,-0.709369481,-0.64624089
Political Stability and Absence of Violence/Terrorism: Estimate,PV.EST,Anguilla,AIA,..,1.533979535,1.164254904,1.220001817,1.284042716,1.358389258,1.254837275,1.316908598,1.503742933,1.528599858,1.128859043
Political Stability and Absence of Violence/Terrorism: Estimate,PV.EST,Antigua and Barbuda,ATG,0.713235021,0.958863378,0.984550714,0.987564266,0.859249651,0.732059717,0.822919726,0.937967896,0.929504931,0.949530005,0.943862259
Political Stability and Absence of Violence/Terrorism: Estimate,PV.EST,Argentina,ARG,0.095823877,0.065314263,-0.005121871,0.008764135,0.197749898,0.162541434,0.006809914,-0.097864307,-0.072026245,0.000468279,-0.009163282
Political Stability and Absence of Violence/Terrorism: Estimate,PV.EST,Armenia,ARM,-0.682867944,0.110385142,-0.2971358,-0.256798655,-0.667951107,-0.626211226,-0.451120526,-0.420044243,-0.771642268,-0.804036558,-0.797183931
Political Stability and Absence of Violence/Terrorism: Estimate,PV.EST,Aruba,ABW,..,1.312226295,1.164567828,1.21023953,1.260758519,1.313844323,1.337275505,1.335668564,1.371497393,1.431547046,1.474684358
Political Stability and Absence of Violence/Terrorism: Estimate,PV.EST,Australia,AUS,1.333964705,1.031072974,1.032191992,0.873180687,1.033424497,0.876146674,0.970811963,0.917313099,0.861676931,0.835315883,0.933572054
Political Stability and Absence of Violence/Terrorism: Estimate,PV.EST,Austria,AUT,0.822056413,1.364100575,1.270700455,1.129330516,0.892175972,1.029623389,0.884671748,0.892080426,0.887528837,0.899418652,0.637995362
Political Stability and Absence of Violence/Terrorism: Estimate,PV.EST,Azerbaijan,AZE,-0.829794765,-0.412859917,-0.559909523,-0.73391664,-0.80890882,-0.751900971,-0.711426675,-0.693412125,-0.852247477,-0.837816358,-0.931885719
Political Stability and Absence of Violence/Terrorism: Estimate,PV.EST,"Bahamas, The",BHS,1.279531837,1.134824634,0.956470132,0.894982457,0.959943354,0.976761103,0.847560644,0.801466107,0.830237448,0.850836754,0.883432567
Political Stability and Absence of Violence/Terrorism: Estimate,PV.EST,Bahrain,BHR,0.056266963,-1.335417747,-0.907474875,-1.068262696,-0.792700231,-0.958746016,-0.846307814,-0.626835167,-0.61010927,-0.524779737,-0.407028496
Political Stability and Absence of Violence/Terrorism: Estimate,PV.EST,Bangladesh,BGD,-0.726261258,-1.627858877,-0.895563185,-1.209773779,-1.259732962,-1.253626704,-0.985568643,-0.928613365,-0.915807784,-1.036632776,-1.092371106
Political Stability and Absence of Violence/Terrorism: Estimate,PV.EST,Barbados,BRB,1.151199818,1.26692915,1.277919888,1.116827726,0.960008144,0.952523887,0.900504649,1.032812834,1.120577455,1.118416667,1.15202713
Political Stability and Absence of Violence/Terrorism: Estimate,PV.EST,Belarus,BLR,0.139502242,0.005959166,0.179782152,0.110905699,0.135706261,-0.057209238,0.353457749,0.344906747,-0.887608171,-0.754245222,-0.793873549
Political Stability and Absence of Violence/Terrorism: Estimate,PV.EST,Belgium,BEL,1.129811168,0.940082729,0.701269448,0.577092111,0.42960611,0.417606324,0.393630445,0.458316237,0.521023035,0.662566304,0.575668812
Political Stability and Absence of Violence/Terrorism: Estimate,PV.EST,Belize,BLZ,0.184220716,0.176189259,0.048583075,0.037259512,0.052189551,0.030403515,-0.002222205,0.061934385,0.518612146,0.272381902,0.426349759
Political Stability and Absence of Violence/Terrorism: Estimate,PV.EST,Benin,BEN,0.799652576,0.301189363,0.027139762,-0.020496422,-0.008783503,0.026251886,-0.147074759,-0.420259506,-0.443083793,-0.396347791,-0.349461377
Political Stability and Absence of Violence/Terrorism: Estimate,PV.EST,Bermuda,BMU,0.713235021,0.970303059,0.913897812,0.961817384,0.975613654,0.98148948,1.133034587,1.051399589,1.00336504,1.002396107,1.034533978
Political Stability and Absence of Violence/Terrorism: Estimate,PV.EST,Bhutan,BTN,0.491936684,0.784624875,1.068038583,0.960772634,1.106088281,1.102793097,1.077452898,1.065351009,1.013411403,0.797127724,0.864817739
Political Stability and Absence of Violence/Terrorism: Estimate,PV.EST,Bolivia,BOL,-0.237061173,-0.328593433,-0.333112091,-0.270498693,-0.253675967,-0.280111223,-0.28669095,-0.728338599,-0.453478873,-0.278813034,-0.283260942
Political Stability and Absence of Violence/Terrorism: Estimate,PV.EST,Bosnia and Herzegovina,BIH,-0.528393328,-0.404944122,-0.019179042,-0.404167622,-0.402664006,-0.351470172,-0.400912255,-0.424830645,-0.447489053,-0.421767116,-0.43937102
Political Stability and Absence of Violence/Terrorism: Estimate,PV.EST,Botswana,BWA,1.074352503,1.102347016,1.011847138,1.031368256,0.979198039,1.009294391,0.958273768,1.095207453,1.013090372,1.041259646,1.077516079
Political Stability and Absence of Violence/Terrorism: Estimate,PV.EST,Brazil,BRA,0.184101626,-0.258553296,-0.070290133,-0.331864446,-0.38103506,-0.480093956,-0.459640145,-0.714393616,-0.445607245,-0.41969654,-0.3314659
Political Stability and Absence of Violence/Terrorism: Estimate,PV.EST,Brunei Darussalam,BRN,1.302023292,1.074022293,1.261507034,1.233712554,1.142017841,1.153425217,1.235813618,1.110963702,1.187998414,1.171651721,1.257367969
Political Stability and Absence of Violence/Terrorism: Estimate,PV.EST,Bulgaria,BGR,0.377964616,0.170710385,0.078540899,0.010424642,0.068279371,0.321378797,0.444267064,0.561198294,0.40158087,0.364647597,0.24625206
Political Stability and Absence of Violence/Terrorism: Estimate,PV.EST,Burkina Faso,BFA,0.059820332,-0.763390124,-0.787128568,-0.609127343,-0.868710697,-0.927885592,-1.060256481,-1.30215323,-1.537941337,-1.642869711,-1.782517433
Political Stability and Absence of Violence/Terrorism: Estimate,PV.EST,Burundi,BDI,-2.014070749,-1.350277543,-0.784407139,-1.937446117,-1.964375138,-2.002573967,-1.570218563,-1.624993443,-1.542314768,-1.258357525,-1.188869476
Political Stability and Absence of Violence/Terrorism: Estimate,PV.EST,Cabo Verde,CPV,1.223599792,0.777999878,0.350779146,0.855819821,0.87119019,0.762864292,0.833078504,0.859521031,0.874160886,0.894233108,0.929428399
Political Stability and Absence of Violence/Terrorism: Estimate,PV.EST,Cambodia,KHM,-0.77603066,-0.136436149,0.023174802,0.063348144,0.20619081,0.093508989,0.110811263,-0.075531386,-0.209088624,-0.131573156,-0.036172446
Political Stability and Absence of Violence/Terrorism: Estimate,PV.EST,Cameroon,CMR,-0.564015806,-0.532237291,-1.059252381,-0.989914,-1.061213017,-1.091504693,-1.401759028,-1.561764836,-1.513643622,-1.394035697,-1.352949023
Political Stability and Absence of Violence/Terrorism: Estimate,PV.EST,Canada,CAN,1.167526841,1.061421752,1.17550385,1.26233685,1.240411639,1.089679599,0.963774383,0.994817913,1.013104677,0.962195992,0.772814035
Political Stability and Absence of Violence/Terrorism: Estimate,PV.EST,Cayman Islands,CYM,0.713235021,1.017615318,1.04634726,1.1286937,1.1407758,1.162609696,1.110623479,1.401382208,1.456373334,1.624580383,1.649437666
Political Stability and Absence of Violence/Terrorism: Estimate,PV.EST,Central African Republic,CAF,-1.12044251,-2.154896736,-2.699193239,-1.89358747,-1.779548764,-1.993532181,-2.172087193,-2.13577795,-2.236208916,-2.12673974,-2.162472963
Political Stability and Absence of Violence/Terrorism: Estimate,PV.EST,Chad,TCD,-1.134754062,-1.089472294,-1.568882704,-0.973281741,-1.301894188,-1.286392093,-1.477965355,-1.350407004,-1.255195975,-1.389812827,-1.483703375
Political Stability and Absence of Violence/Terrorism: Estimate,PV.EST,Chile,CHL,0.485464156,0.36374253,0.447516918,0.424871743,0.402406216,0.406280667,0.412628829,-0.016168356,0.044010442,0.161352158,0.118578859
Political Stability and Absence of Violence/Terrorism: Estimate,PV.EST,China,CHN,-0.209916875,-0.543789923,-0.522584021,-0.552559674,-0.502221346,-0.232558474,-0.298641503,-0.259810865,-0.473098785,-0.516728878,-0.441073626
Political Stability and Absence of Violence/Terrorism: Estimate,PV.EST,Colombia,COL,-1.608960748,-1.291971803,-1.114594102,-1.072663784,-0.887163997,-0.779457688,-0.806959629,-0.979467273,-0.701150596,-0.954557538,-0.641925931
Political Stability and Absence of Violence/Terrorism: Estimate,PV.EST,Comoros,COM,0.02275865,-0.256929189,-0.186910167,-0.24447161,0.022001922,0.022407399,-0.361675262,-0.17683351,-0.28740406,-0.228033617,-0.230514869
Political Stability and Absence of Violence/Terrorism: Estimate,PV.EST,"Congo, Dem. Rep.",COD,-2.474238157,-2.192190647,-2.167921305,-2.138853312,-2.224589348,-2.339438915,-2.080746651,-1.624438524,-1.785483599,-1.657812476,-1.977746248
Political Stability and Absence of Violence/Terrorism: Estimate,PV.EST,"Congo, Rep.",COG,-0.922982037,-0.475050122,-0.359291583,-0.5291273,-0.523459077,-0.533614933,-0.348402858,-0.299301684,-0.213065609,-0.229479313,-0.016906014
Political Stability and Absence of Violence/Terrorism: Estimate,PV.EST,Cook Islands,COK,..,..,..,..,..,..,0.933196068,1.120247364,1.15194726,1.148515224,1.158820033
Political Stability and Absence of Violence/Terrorism: Estimate,PV.EST,Costa Rica,CRI,0.868542314,0.677918017,0.577418208,0.669974029,0.648553014,0.597006142,0.453240991,0.430242807,0.746752381,0.860289991,0.954446793
Political Stability and Absence of Violence/Terrorism: Estimate,PV.EST,Cote d'Ivoire,CIV,-1.240804076,-1.048724174,-1.037160635,-0.835078061,-0.909238815,-1.091115832,-0.898008049,-1.036474109,-1.033205271,-0.715018511,-0.516378641
Political Stability and Absence of Violence/Terrorism: Estimate,PV.EST,Croatia,HRV,0.28022489,0.64266789,0.619112372,0.586513638,0.654191136,0.681904495,0.793498814,0.685416102,0.607223809,0.62148279,0.612161279
Political Stability and Absence of Violence/Terrorism: Estimate,PV.EST,Cuba,CUB,0.248432532,0.37056464,0.544822037,0.634750009,0.673131645,0.638509929,0.640438855,0.610411108,0.596087813,0.392701924,0.499521583
Political Stability and Absence of Violence/Terrorism: Estimate,PV.EST,Cyprus,CYP,0.517499864,0.563347161,0.551882088,0.542449117,0.593786836,0.530973077,0.484394073,0.544513285,0.288732588,0.422054201,0.41863507
Political Stability and Absence of Violence/Terrorism: Estimate,PV.EST,Czechia,CZE,0.332739621,1.084778547,0.989990473,0.970251083,0.963384211,0.990649343,1.02620995,0.941883624,0.91225487,0.947398126,0.81544137
Political Stability and Absence of Violence/Terrorism: Estimate,PV.EST,Denmark,DNK,1.50106895,0.959233463,0.951779723,0.887059271,0.852912426,0.854936242,0.931788921,0.967484951,0.920160234,0.928524494,0.865008831
Political Stability and Absence of Violence/Terrorism: Estimate,PV.EST,Djibouti,DJI,-0.241125971,-0.102187522,-0.77023226,-0.44767192,-0.628553987,-0.733945012,-0.133512378,-0.343412548,-0.448214263,-0.56633985,-0.508419454
Political Stability and Absence of Violence/Terrorism: Estimate,PV.EST,Dominica,DMA,0.486361712,1.119856238,1.05717814,1.054432034,0.9776631,1.172775149,1.068851233,1.029823542,1.316998243,1.333959103,1.298232317
Political Stability and Absence of Violence/Terrorism: Estimate,PV.EST,Dominican Republic,DOM,0.012947378,0.207428694,0.145934492,0.227570921,0.241259411,0.15207319,0.012199945,-0.003159933,0.164941698,0.287300646,0.328113049
Political Stability and Absence of Violence/Terrorism: Estimate,PV.EST,Ecuador,ECU,-0.572284937,-0.178656712,-0.018533209,-0.147344977,-0.091710433,-0.078932591,-0.094810791,-0.238249406,-0.270263135,-0.257427931,-0.239295244
Political Stability and Absence of Violence/Terrorism: Estimate,PV.EST,"Egypt, Arab Rep.",EGY,0.049797524,-1.6388309,-1.631176591,-1.49933219,-1.43972683,-1.429645181,-1.188100696,-1.124602079,-1.181911707,-1.032840967,-1.028056622
Political Stability and Absence of Violence/Terrorism: Estimate,PV.EST,El Salvador,SLV,0.329205334,-0.033658903,-0.024590004,-0.020496048,-0.104568757,-0.263820618,-0.389219522,-0.120268002,-0.115019135,-0.09154629,-0.153124496
Political Stability and Absence of Violence/Terrorism: Estimate,PV.EST,Equatorial Guinea,GNQ,-0.035038944,0.120355181,-0.374146551,-0.207799196,-0.14674297,-0.172020316,-0.090242371,-0.147936091,-0.22158289,-0.20278056,-0.074253544
Political Stability and Absence of Violence/Terrorism: Estimate,PV.EST,Eritrea,ERI,-0.768895209,-0.772372127,-0.805872619,-0.878453434,-0.662282407,-0.733444393,-0.609398246,-0.705968618,-0.992728472,-1.055657029,-0.970292985
Political Stability and Absence of Violence/Terrorism: Estimate,PV.EST,Estonia,EST,0.902080297,0.748215437,0.780257881,0.613857269,0.662796259,0.642369628,0.580257714,0.630106986,0.709752977,0.748466134,0.723720729
Political Stability and Absence of Violence/Terrorism: Estimate,PV.EST,Eswatini,SWZ,0.037518527,-0.431911141,-0.500559747,-0.480209202,-0.494323075,-0.270877749,-0.377810627,-0.274407119,-0.040577199,-0.34604305,-0.24972333
Political Stability and Absence of Violence/Terrorism: Estimate,PV.EST,Ethiopia,ETH,-0.946032107,-1.407307386,-1.339387417,-1.496942043,-1.617245197,-1.677229643,-1.274579644,-1.303721905,-1.753656149,-2.183713198,-2.038067579
Political Stability and Absence of Violence/Terrorism: Estimate,PV.EST,Fiji,FJI,0.301403165,-0.051027689,0.553164601,0.569660664,0.897029459,0.586045206,0.833207309,0.779773772,0.661915123,0.724108815,0.764339507
Political Stability and Absence of Violence/Terrorism: Estimate,PV.EST,Finland,FIN,1.720112085,1.385172486,1.282197237,1.027998209,0.982591867,1.063806653,0.891700327,0.835154116,0.981748819,0.963134944,0.891491711
Political Stability and Absence of Violence/Terrorism: Estimate,PV.EST,France,FRA,0.785089076,0.448744118,0.300568491,0.097759806,-0.106349595,0.265700728,0.0137935,0.271274894,0.280948132,0.325523823,0.334524125
Political Stability and Absence of Violence/Terrorism: Estimate,PV.EST,French Guiana,GUF,0.032615215,0.218277127,0.527634025,0.559771299,0.538475215,0.492239535,0.514202237,0.243846178,0.316747218,0.327672392,0.331466466
Political Stability and Absence of Violence/Terrorism: Estimate,PV.EST,Gabon,GAB,0.640210629,0.330102742,0.149542809,0.015247292,-0.110105984,-0.105891399,-0.257414043,-0.075141385,-0.065801933,-0.075772829,0.069895133
Political Stability and Absence of Violence/Terrorism: Estimate,PV.EST,"Gambia, The",GMB,0.533818603,-0.048636407,-0.151400715,0.016247632,-0.442044199,-0.094831444,-0.08758685,0.214429125,0.247992232,0.035266154,0.04582857
Political Stability and Absence of Violence/Terrorism: Estimate,PV.EST,Georgia,GEO,-0.812726557,-0.441366166,-0.321507543,-0.472153753,-0.320115089,-0.375215024,-0.447616845,-0.498185903,-0.429623365,-0.429646611,-0.4409495
Political Stability and Absence of Violence/Terrorism: Estimate,PV.EST,Germany,DEU,1.411335707,0.92798388,0.925186455,0.687514961,0.667541146,0.574380219,0.577707589,0.548454642,0.64498806,0.725666702,0.614759147
Political Stability and Absence of Violence/Terrorism: Estimate,PV.EST,Ghana,GHA,-0.359381735,0.060606085,-0.106807962,-0.038228907,-0.138907716,0.082036331,-0.036738522,0.118470922,0.169862181,0.065785304,-0.065912969
Political Stability and Absence of Violence/Terrorism: Estimate,PV.EST,Greece,GRC,0.808356404,-0.171341717,-0.140445963,-0.235559732,-0.129703641,-0.081244558,0.153864294,0.1623694,0.115144268,0.101313189,0.064303063
Political Stability and Absence of Violence/Terrorism: Estimate,PV.EST,Greenland,GRL,..,1.931952834,1.924541116,1.947082162,1.964210629,1.927581429,1.936508656,1.887186527,1.910476446,1.877370477,1.565969229
Political Stability and Absence of Violence/Terrorism: Estimate,PV.EST,Grenada,GRD,1.019257665,0.426174343,0.774568856,0.779747725,0.998592257,0.992373705,0.968616605,0.937967896,1.03254509,1.040163636,1.043798447
Political Stability and Absence of Violence/Terrorism: Estimate,PV.EST,Guam,GUM,..,0.798485518,0.750133276,0.786707044,0.652095139,0.678459287,0.697025716,0.883918047,0.888366282,0.877565145,0.808528244
Political Stability and Absence of Violence/Terrorism: Estimate,PV.EST,Guatemala,GTM,-0.768333912,-0.674156249,-0.655563533,-0.6544379,-0.545003712,-0.651365459,-0.538192272,-0.577349424,-0.415842652,-0.395547092,-0.304971337
Political Stability and Absence of Violence/Terrorism: Estimate,PV.EST,Guinea,GIN,-1.907590032,-1.229851723,-0.955242753,-0.386475414,-0.396070927,-0.69907409,-0.880607545,-0.84259665,-0.669287205,-0.939894259,-0.864391387
Political Stability and Absence of Violence/Terrorism: Estimate,PV.EST,Guinea-Bissau,GNB,-0.349449873,-0.899927616,-0.706451654,-0.516579092,-0.445275575,-0.497683495,-0.684850454,-0.561577141,-0.721676052,-0.280024618,-0.394830406
Political Stability and Absence of Violence/Terrorism: Estimate,PV.EST,Guyana,GUY,-0.486819774,-0.456606746,-0.136097595,-0.139641345,-0.034218926,-0.049440727,-0.191917717,-0.254104406,-0.137580603,-0.137163654,0.027062163
Political Stability and Absence of Violence/Terrorism: Estimate,PV.EST,Haiti,HTI,-0.628624499,-0.63101536,-0.643627286,-0.671565056,-0.745547473,-0.676077306,-0.640176177,-0.887624741,-1.027478695,-1.128099442,-1.406295657
Political Stability and Absence of Violence/Terrorism: Estimate,PV.EST,Honduras,HND,-0.078596383,-0.438611597,-0.534083962,-0.472757906,-0.437456161,-0.565637231,-0.531866431,-0.569066167,-0.448519617,-0.627824068,-0.552035332
Political Stability and Absence of Violence/Terrorism: Estimate,PV.EST,"Hong Kong SAR, China",HKG,0.93515718,0.922868311,1.153228521,1.035205364,0.736158371,0.818202198,0.776450574,-0.228379548,0.05667685,0.263209611,0.61155504
Political Stability and Absence of Violence/Terrorism: Estimate,PV.EST,Hungary,HUN,0.918442905,0.796646118,0.669904828,0.737792492,0.64338094,0.796199262,0.737417698,0.761821568,0.836977124,0.798463762,0.635951281
Political Stability and Absence of Violence/Terrorism: Estimate,PV.EST,Iceland,ISL,1.575330615,1.287133694,1.246974587,1.298480988,1.346588731,1.337684989,1.394577146,1.61964798,1.374937654,1.372178674,1.262935281
Political Stability and Absence of Violence/Terrorism: Estimate,PV.EST,India,IND,-1.00120759,-1.229174137,-0.99791199,-0.954773545,-0.960426509,-0.774099052,-0.997705162,-0.796840608,-0.841136158,-0.691997945,-0.568608165
Political Stability and Absence of Violence/Terrorism: Estimate,PV.EST,Indonesia,IDN,-1.995200634,-0.519264638,-0.416824043,-0.619956315,-0.379699737,-0.5049389,-0.552077413,-0.502156675,-0.462322682,-0.531467199,-0.439423859
Political Stability and Absence of Violence/Terrorism: Estimate,PV.EST,"Iran, Islamic Rep.",IRN,-0.727548361,-1.249686599,-0.874987662,-0.924846888,-0.814020634,-0.933828712,-1.342144251,-1.711465359,-1.699162006,-1.584384561,-1.586439133
Political Stability and Absence of Violence/Terrorism: Estimate,PV.EST,Iraq,IRQ,-1.73264277,-2.011390448,-2.480337858,-2.250779629,-2.303333044,-2.295948267,-2.520958185,-2.609148026,-2.474690437,-2.384559393,-2.473924637
Political Stability and Absence of Violence/Terrorism: Estimate,PV.EST,Ireland,IRL,1.584100127,0.901075721,1.052991152,0.895332575,0.833849669,0.99340868,1.011168242,0.95930326,0.965446055,0.84353143,0.881889522
Political Stability and Absence of Violence/Terrorism: Estimate,PV.EST,Israel,ISR,-1.041991234,-1.101284742,-1.039735317,-1.097817302,-0.799367249,-0.894905567,-0.918106616,-0.8155604,-0.887810647,-1.122282505,-1.28531599
Political Stability and Absence of Violence/Terrorism: Estimate,PV.EST,Italy,ITA,0.916669428,0.495499194,0.458165407,0.3632572,0.355933428,0.292909652,0.32613951,0.381040454,0.39929536,0.550413907,0.413505375
Political Stability and Absence of Violence/Terrorism: Estimate,PV.EST,Jamaica,JAM,0.18639648,0.182374373,0.024492532,0.085965723,0.29546842,0.298302531,0.423851728,0.388235539,0.258638471,0.217914656,0.379746348
Political Stability and Absence of Violence/Terrorism: Estimate,PV.EST,Japan,JPN,1.197552681,1.019141912,0.968597353,1.054220557,0.968189001,1.100126505,1.037358642,1.019695044,1.026066899,1.015356421,1.073910952
Political Stability and Absence of Violence/Terrorism: Estimate,PV.EST,"Jersey, Channel Islands",JEY,..,1.485056996,1.464952469,1.533043027,1.319146872,1.277439713,1.270128131,1.280074358,1.328706861,1.284423351,1.619478703
Political Stability and Absence of Violence/Terrorism: Estimate,PV.EST,Jordan,JOR,0.000209701,-0.606315255,-0.540025532,-0.60686487,-0.496246248,-0.434904039,-0.379783809,-0.274439603,-0.267881632,-0.315793395,-0.296307683
Political Stability and Absence of Violence/Terrorism: Estimate,PV.EST,Kazakhstan,KAZ,0.090090342,-0.402473897,0.036018156,-0.038353074,0.001462973,0.024372295,-0.052698813,-0.167979881,-0.257630289,-0.231327519,-0.356833428
Political Stability and Absence of Violence/Terrorism: Estimate,PV.EST,Kenya,KEN,-1.068352699,-1.166930914,-1.282247186,-1.241347909,-1.354456544,-1.128438354,-1.179692149,-1.105736017,-1.007226825,-1.032414198,-0.94308722
Political Stability and Absence of Violence/Terrorism: Estimate,PV.EST,Kiribati,KIR,..,1.28392601,0.801865816,0.821486235,0.846926332,0.855434954,0.998590291,1.124233007,1.163732648,1.13891089,1.11602664
Political Stability and Absence of Violence/Terrorism: Estimate,PV.EST,"Korea, Dem. People's Rep.",PRK,-0.015158058,-0.441554099,-1.134743333,-1.151740313,-0.684034169,-0.500023603,-0.340751916,-0.286907196,-0.378693789,-0.477292448,-0.412224323
Political Stability and Absence of Violence/Terrorism: Estimate,PV.EST,"Korea, Rep.",KOR,0.398045033,0.278578639,0.108568802,0.156361043,0.153576508,0.38189283,0.638081014,0.546021044,0.608559489,0.629525959,0.56241101
Political Stability and Absence of Violence/Terrorism: Estimate,PV.EST,Kosovo,XKX,..,-0.966146648,-0.340774536,-0.200406447,-0.285933346,-0.244493425,-0.675402105,-0.348640084,-0.279240251,-0.113625251,-0.252448589
Political Stability and Absence of Violence/Terrorism: Estimate,PV.EST,Kuwait,KWT,0.752232671,0.16605559,0.149006546,-0.219549298,-0.056500711,-0.051229637,0.090533733,0.175113589,0.225190043,0.262982517,0.281217426
Political Stability and Absence of Violence/Terrorism: Estimate,PV.EST,Kyrgyz Republic,KGZ,-0.182534769,-0.911773801,-0.804615676,-0.882429659,-0.65201968,-0.362933785,-0.529558122,-0.266192228,-0.456187993,-0.467156112,-0.546579063
Political Stability and Absence of Violence/Terrorism: Estimate,PV.EST,Lao PDR,LAO,-0.577913404,0.0674439,0.498692989,0.538871527,0.524906516,0.394011855,0.407829285,0.530268252,0.693885386,0.71241802,0.80272752
Political Stability and Absence of Violence/Terrorism: Estimate,PV.EST,Latvia,LVA,0.41943416,0.593635261,0.487268358,0.43631041,0.467219561,0.452953696,0.395304829,0.426793516,0.462128848,0.673323035,0.480724365
Political Stability and Absence of Violence/Terrorism: Estimate,PV.EST,Lebanon,LBN,-0.439044535,-1.690353394,-1.697941303,-1.698364496,-1.615684032,-1.622226834,-1.621535778,-1.67229104,-1.62113452,-1.481944561,-1.473512411
Political Stability and Absence of Violence/Terrorism: Estimate,PV.EST,Lesotho,LSO,0.096109748,0.338074297,-0.332812041,-0.318707615,-0.244855866,-0.194125235,-0.188686535,-0.427999049,-0.253533632,-0.213269129,-0.134738371
Political Stability and Absence of Violence/Terrorism: Estimate,PV.EST,Liberia,LBR,-1.952880502,-0.475507081,-0.615449607,-0.817833304,-0.441768199,-0.320534796,-0.203764617,-0.339135408,-0.314182639,-0.286361516,-0.29159987
Political Stability and Absence of Violence/Terrorism: Estimate,PV.EST,Libya,LBY,-0.294286817,-1.844076514,-2.353407145,-2.189651251,-2.274737835,-2.353574753,-2.43496871,-2.565771341,-2.462278366,-2.308345795,-2.197963476
Political Stability and Absence of Violence/Terrorism: Estimate,PV.EST,Liechtenstein,LIE,1.166981459,1.397171617,1.458861828,1.437775135,1.453269958,1.459082961,1.453585505,1.597493172,1.669110894,1.595491529,1.644336104
Political Stability and Absence of Violence/Terrorism: Estimate,PV.EST,Lithuania,LTU,0.428785473,0.964532316,0.742136419,0.749750257,0.814721227,0.76556474,0.729063928,0.77052319,0.921403408,0.80971843,0.653739512
Political Stability and Absence of Violence/Terrorism: Estimate,PV.EST,Luxembourg,LUX,1.60547471,1.335248113,1.378323793,1.426368237,1.403617144,1.31289196,1.347255111,1.333174944,1.212395668,1.193919539,1.063888907
Political Stability and Absence of Violence/Terrorism: Estimate,PV.EST,"Macao SAR, China",MAC,0.486361712,0.757722914,1.206168532,1.187453151,1.390567183,1.407128215,1.229578137,1.215290904,1.137468815,1.028874636,1.127567887
Political Stability and Absence of Violence/Terrorism: Estimate,PV.EST,Madagascar,MDG,0.162798807,-0.65999341,-0.557235837,-0.427762926,-0.294186473,-0.30283758,-0.578839123,-0.313983828,-0.509343922,-0.54227978,-0.531038582
Political Stability and Absence of Violence/Terrorism: Estimate,PV.EST,Malawi,MWI,-0.325264573,-0.205809802,0.081093207,0.034293275,-0.116127513,-0.249828547,-0.431270897,-0.286847949,-0.118913285,-0.109315783,-0.15286392
Political Stability and Absence of Violence/Terrorism: Estimate,PV.EST,Malaysia,MYS,0.092691198,0.051791593,0.266619146,0.253947318,0.129485935,0.111208953,0.247989401,0.146066397,0.124463096,0.058753986,0.140358165
Political Stability and Absence of Violence/Terrorism: Estimate,PV.EST,Maldives,MDV,1.180719733,0.125037372,0.679096162,0.411403716,0.408033192,0.224531189,0.082971118,0.027608531,0.362981379,0.534778357,0.667752326
Political Stability and Absence of Violence/Terrorism: Estimate,PV.EST,Mali,MLI,0.240109742,-1.722162127,-1.713988781,-1.682771206,-1.612848759,-1.903490663,-2.084461451,-2.214205742,-2.14628768,-2.332805395,-2.479408979
Political Stability and Absence of Violence/Terrorism: Estimate,PV.EST,Malta,MLT,1.586208701,1.042757869,1.125496984,1.05367744,1.066459775,1.238307238,1.271421313,1.013528109,0.998400986,0.887379706,0.913422585
Political Stability and Absence of Violence/Terrorism: Estimate,PV.EST,Marshall Islands,MHL,..,1.054114819,0.989585757,1.002985954,0.834963679,1.034585953,0.998590291,1.175102472,0.983442307,0.933938026,1.056267262
Political Stability and Absence of Violence/Terrorism: Estimate,PV.EST,Martinique,MTQ,0.486361712,0.626667917,0.913897812,0.961817384,0.975613654,0.98148948,0.955986977,0.752166986,0.604191601,0.630220294,0.636192322
Political Stability and Absence of Violence/Terrorism: Estimate,PV.EST,Mauritania,MRT,0.345234483,-1.014761448,-0.589508355,-0.635684848,-0.748691559,-0.629497826,-0.632418096,-0.562930703,-0.700950503,-0.555529892,-0.507473767
Political Stability and Absence of Violence/Terrorism: Estimate,PV.EST,Mauritius,MUS,0.754748404,0.944801748,0.667965949,0.988632321,0.999218166,0.962364137,0.859399259,0.801905751,0.872974157,0.832465351,0.835721731
Political Stability and Absence of Violence/Terrorism: Estimate,PV.EST,Mexico,MEX,-0.200209871,-0.714223802,-0.853918791,-0.801780105,-0.633718133,-0.806073427,-0.673981011,-0.843628824,-0.791369319,-0.688360929,-0.691959739
Political Stability and Absence of Violence/Terrorism: Estimate,PV.EST,"Micronesia, Fed. Sts.",FSM,..,1.102858543,0.984550714,1.017171502,1.036456466,1.161632657,1.315120697,1.034340501,1.118729949,1.202114701,1.210484147
Political Stability and Absence of Violence/Terrorism: Estimate,PV.EST,Moldova,MDA,-0.42826128,0.000808572,-0.158987761,-0.32604599,-0.305498779,-0.314989507,-0.402226478,-0.387309909,-0.340128064,-0.205342084,-0.668324411
Political Stability and Absence of Violence/Terrorism: Estimate,PV.EST,Monaco,MCO,..,1.056243896,1.023347855,1.314925075,1.315310597,1.615089536,1.577254295,1.577211499,1.17722559,1.172496915,1.204843044
Political Stability and Absence of Violence/Terrorism: Estimate,PV.EST,Mongolia,MNG,0.821868122,0.491320789,0.791901171,0.711831987,0.7876001,0.783370972,0.831077039,0.636659682,0.717772186,0.705798924,0.533999085
Political Stability and Absence of Violence/Terrorism: Estimate,PV.EST,Montenegro,MNE,..,0.504595459,0.219455272,0.136638209,0.268716216,-0.062578022,0.037592556,0.058016822,-0.061226465,-0.052502058,-0.059176981
Political Stability and Absence of Violence/Terrorism: Estimate,PV.EST,Morocco,MAR,-0.065564901,-0.493017614,-0.446265608,-0.344394982,-0.317617774,-0.3780891,-0.348556757,-0.345829725,-0.359539151,-0.402591288,-0.319889188
Political Stability and Absence of Violence/Terrorism: Estimate,PV.EST,Mozambique,MOZ,-0.125803381,-0.22696647,-0.336002737,-0.516435564,-1.096814632,-0.917248428,-0.833329558,-0.766716242,-1.281614184,-1.259354234,-1.287969947
Political Stability and Absence of Violence/Terrorism: Estimate,PV.EST,Myanmar,MMR,-1.673522592,-1.140372396,-1.087580681,-1.16666913,-0.808124959,-1.084094286,-1.266946793,-1.330458999,-1.511704564,-2.083969355,-2.21174264
Political Stability and Absence of Violence/Terrorism: Estimate,PV.EST,Namibia,NAM,-0.250100613,0.958809972,0.608740628,0.725260258,0.699528992,0.621905208,0.684950054,0.528806627,0.512376428,0.518684864,0.556306064
Political Stability and Absence of Violence/Terrorism: Estimate,PV.EST,Nauru,NRU,..,1.054114819,0.601334393,1.088017941,1.108857036,0.931889772,0.944292486,0.792732,0.776040912,0.787112117,0.880902827
Political Stability and Absence of Violence/Terrorism: Estimate,PV.EST,Nepal,NPL,-1.163825631,-1.129146099,-0.72459954,-0.997430027,-0.846989989,-0.5841012,-0.542416573,-0.452942908,-0.180229142,-0.188807815,-0.251907498
Political Stability and Absence of Violence/Terrorism: Estimate,PV.EST,Netherlands,NLD,1.758681178,1.143815398,1.045115352,0.912540197,0.896933198,0.907122314,0.838097334,0.821221173,0.830863893,0.892923951,0.717304826
Political Stability and Absence of Violence/Terrorism: Estimate,PV.EST,Netherlands Antilles,ANT,..,0.676403522,..,..,..,..,..,..,..,..,..
Political Stability and Absence of Violence/Terrorism: Estimate,PV.EST,New Zealand,NZL,1.362381816,1.453926563,1.467927575,1.511137605,1.501143336,1.56213212,1.512160897,1.415749431,1.467778444,1.395236254,1.31238234
Political Stability and Absence of Violence/Terrorism: Estimate,PV.EST,Nicaragua,NIC,-0.066172294,-0.249215871,-0.040780123,-0.092195526,-0.095483571,-0.053823207,-0.950931132,-0.992481053,-0.585725188,-0.471998215,-0.348428488
Political Stability and Absence of Violence/Terrorism: Estimate,PV.EST,Niger,NER,0.12496803,-1.321799397,-1.175840497,-1.059703231,-1.10075748,-1.259505153,-1.358237863,-1.404958606,-1.667164683,-1.53848505,-1.472179294
Political Stability and Absence of Violence/Terrorism: Estimate,PV.EST,Nigeria,NGA,-1.455326319,-2.088478327,-2.130276442,-1.921705127,-1.873888969,-1.996716857,-2.097414255,-1.933071136,-1.891961455,-1.787299275,-1.798141479
Political Stability and Absence of Violence/Terrorism: Estimate,PV.EST,Niue,NIU,..,..,..,..,..,..,1.02867043,1.376388192,1.36252892,1.325276494,1.339968085
Political Stability and Absence of Violence/Terrorism: Estimate,PV.EST,North Macedonia,MKD,-0.614017069,-0.416076392,0.256382942,-0.292592734,-0.355312616,-0.258881122,-0.211983711,0.008093261,0.112023413,0.062417198,0.117590658
Political Stability and Absence of Violence/Terrorism: Estimate,PV.EST,Norway,NOR,1.533282995,1.352091908,1.11995852,1.145620108,1.181620955,1.150700212,1.120635986,1.141986489,1.221518755,1.088475108,0.860958338
Political Stability and Absence of Violence/Terrorism: Estimate,PV.EST,Oman,OMN,1.121424675,0.459530205,0.734907329,0.778052211,0.749765635,0.749311626,0.642036438,0.589168727,0.419728547,0.431887984,0.529911399
Political Stability and Absence of Violence/Terrorism: Estimate,PV.EST,Pakistan,PAK,-1.104804635,-2.603302002,-2.401279211,-2.471883535,-2.473873854,-2.396910429,-2.253884554,-2.251637459,-1.792646289,-1.713656187,-1.900261998
Political Stability and Absence of Violence/Terrorism: Estimate,PV.EST,Palau,PLW,..,1.054114819,0.989585757,0.821486235,0.846926332,1.213737011,1.194799542,1.171670437,1.166012168,1.172233224,1.096862912
Political Stability and Absence of Violence/Terrorism: Estimate,PV.EST,Panama,PAN,0.251223832,-0.141260922,0.209008202,0.37741518,0.400727749,0.380333245,0.252037287,0.290878117,0.235460699,0.307120055,0.297832072
Political Stability and Absence of Violence/Terrorism: Estimate,PV.EST,Papua New Guinea,PNG,-0.207235515,-0.520246863,-0.339367092,-0.41628924,-0.504316509,-0.691195011,-0.656307817,-0.705046415,-0.653707087,-0.576708913,-0.609061778
Political Stability and Absence of Violence/Terrorism: Estimate,PV.EST,Paraguay,PRY,-0.970572591,-0.735861599,-0.08862751,0.035212629,0.134470806,-0.002856044,-0.086801514,-0.018059423,0.016684934,-0.000999591,0.035977952
Political Stability and Absence of Violence/Terrorism: Estimate,PV.EST,Peru,PER,-0.987529457,-0.80573976,-0.550656915,-0.398910075,-0.207934842,-0.263510197,-0.276951969,-0.163659349,-0.357738912,-0.355285466,-0.446338385
Political Stability and Absence of Violence/Terrorism: Estimate,PV.EST,Philippines,PHL,-1.390484333,-1.084253192,-0.713820934,-0.854724228,-1.378690362,-1.189290643,-1.096192241,-0.928045392,-0.778701365,-0.984003067,-0.712976396
Political Stability and Absence of Violence/Terrorism: Estimate,PV.EST,Poland,POL,0.309305251,0.973354995,0.842940807,0.862319052,0.496157646,0.509755135,0.480340898,0.550631166,0.491565287,0.491801322,0.500283241
Political Stability and Absence of Violence/Terrorism: Estimate,PV.EST,Portugal,PRT,1.394764066,0.748763442,0.806274414,0.904212952,0.958625793,1.106168151,1.115095258,1.051632404,1.008653641,0.93725127,0.860719681
Political Stability and Absence of Violence/Terrorism: Estimate,PV.EST,Puerto Rico,PRI,0.259488463,0.249155894,0.819992661,0.847117484,0.67782861,0.481969595,0.273657262,0.142603353,0.435303301,0.487989306,0.543191195
Political Stability and Absence of Violence/Terrorism: Estimate,PV.EST,Qatar,QAT,1.157301426,1.212546468,0.977457762,0.983597457,0.884123743,0.647981882,0.649283886,0.684275627,0.669543803,0.83326143,0.958558142
Political Stability and Absence of Violence/Terrorism: Estimate,PV.EST,Reunion,REU,..,0.423821241,0.257044077,0.263454974,0.290626764,0.293627709,0.237028524,0.209607616,0.198848009,0.226299986,0.260939807
Political Stability and Absence of Violence/Terrorism: Estimate,PV.EST,Romania,ROU,-0.379039526,0.179133072,0.049136128,0.181799337,0.266823202,0.048513539,0.036215875,0.54217118,0.508895397,0.581680298,0.48802197
Political Stability and Absence of Violence/Terrorism: Estimate,PV.EST,Russian Federation,RUS,-1.399242043,-0.73609364,-0.943617463,-1.032223463,-0.947688162,-0.642759621,-0.538375676,-0.551099122,-0.66740942,-0.707901835,-0.91899544
Political Stability and Absence of Violence/Terrorism: Estimate,PV.EST,Rwanda,RWA,-1.69159472,-0.110951617,-0.313469648,0.002518378,-0.066518664,0.078270361,0.101642534,0.056940533,0.069421276,0.071905822,0.030513978
Political Stability and Absence of Violence/Terrorism: Estimate,PV.EST,Samoa,WSM,1.283142328,0.98900789,1.12190485,1.166048288,1.175883532,1.161632657,1.133188844,1.163725734,1.14607358,1.106232166,1.078609109
Political Stability and Absence of Violence/Terrorism: Estimate,PV.EST,San Marino,SMR,..,1.054114819,0.989585757,1.365985394,1.382750273,1.39288795,1.391008735,1.225839972,1.17722559,1.172496915,1.204843044
Political Stability and Absence of Violence/Terrorism: Estimate,PV.EST,Sao Tome and Principe,STP,1.151199818,0.111840725,0.184183002,0.136271909,0.215979159,0.183460847,0.515797019,0.500569344,0.489546567,0.58509469,0.607801914
Political Stability and Absence of Violence/Terrorism: Estimate,PV.EST,Saudi Arabia,SAU,0.227821603,-0.431784123,-0.285844654,-0.634387195,-0.472771108,-0.649576366,-0.660840631,-0.623455822,-0.650508463,-0.59113127,-0.362989008
Political Stability and Absence of Violence/Terrorism: Estimate,PV.EST,Senegal,SEN,-0.587890506,-0.060722835,-0.198223099,-0.120225243,-0.22595489,-0.055723127,-0.107445858,0.03752597,-0.143128574,-0.179818049,-0.153299466
Political Stability and Absence of Violence/Terrorism: Estimate,PV.EST,Serbia,SRB,-1.643598437,-0.075638093,0.184110776,0.234833032,0.133281603,0.083367333,0.005221334,-0.07809411,-0.170778826,-0.085266188,-0.172904298
Political Stability and Absence of Violence/Terrorism: Estimate,PV.EST,Seychelles,SYC,1.283142328,0.825588942,0.361632437,0.674569547,0.715953171,0.77947253,0.673826814,0.658694148,0.701772809,0.744613945,0.75640434
Political Stability and Absence of Violence/Terrorism: Estimate,PV.EST,Sierra Leone,SLE,-1.868685722,-0.174718276,-0.104039676,-0.106272891,-0.167113155,-0.039427098,-0.088885598,-0.056958809,-0.302403092,-0.097025879,-0.089501671
Political Stability and Absence of Violence/Terrorism: Estimate,PV.EST,Singapore,SGP,1.141111493,1.378178358,1.186271429,1.29889214,1.477468967,1.59912312,1.468008995,1.480305552,1.438414216,1.442324996,1.45994246
Political Stability and Absence of Violence/Terrorism: Estimate,PV.EST,Slovak Republic,SVK,0.663586676,1.119518161,1.039121151,0.865759432,0.708230555,0.902730107,0.736512184,0.667275548,0.633921087,0.617806435,0.443434268
Political Stability and Absence of Violence/Terrorism: Estimate,PV.EST,Slovenia,SVN,0.886789322,0.88225168,0.965773404,0.947492003,0.979141891,0.866364181,0.894077659,0.801483512,0.701404274,0.755461395,0.706639647
Political Stability and Absence of Violence/Terrorism: Estimate,PV.EST,Solomon Islands,SLB,-0.732952654,0.300382704,0.470224828,0.639986575,0.491754383,0.188087985,0.354402095,0.495676666,0.562479496,0.541670024,0.379514664
Political Stability and Absence of Violence/Terrorism: Estimate,PV.EST,Somalia,SOM,-1.948787212,-2.758686543,-2.515828133,-2.370088816,-2.347157955,-2.249909878,-2.248987675,-2.386288404,-2.581385136,-2.727175713,-2.483434439
Political Stability and Absence of Violence/Terrorism: Estimate,PV.EST,South Africa,ZAF,-0.227864951,-0.046294536,-0.146388963,-0.220544875,-0.149085,-0.284803957,-0.237621993,-0.283249706,-0.252887934,-0.75098139,-0.72211808
Political Stability and Absence of Violence/Terrorism: Estimate,PV.EST,South Sudan,SSD,..,-1.730328679,-2.646576643,-2.372008324,-2.412496805,-2.446235657,-2.434559584,-2.518343925,-2.191669941,-2.287201405,-2.210053921
Political Stability and Absence of Violence/Terrorism: Estimate,PV.EST,Spain,ESP,0.459468246,0.012017759,0.243121743,0.241160139,0.402214497,0.270845115,0.275779158,0.292700946,0.411397874,0.509131908,0.265326977
Political Stability and Absence of Violence/Terrorism: Estimate,PV.EST,Sri Lanka,LKA,-1.904112697,-0.612895429,-0.330464035,0.083182663,-0.01134005,-0.07544852,-0.139389724,-0.215569809,-0.089156918,-0.376803756,-0.785569847
Political Stability and Absence of Violence/Terrorism: Estimate,PV.EST,St. Kitts and Nevis,KNA,..,0.958863378,0.572488189,0.564717531,0.606805444,0.628548622,0.677222848,0.700797915,0.929504931,0.949530005,0.943862259
Political Stability and Absence of Violence/Terrorism: Estimate,PV.EST,St. Lucia,LCA,1.223599792,0.853357732,0.816450417,0.837734759,0.998592257,0.974609792,0.993263125,0.906494319,0.864660144,0.831884623,0.869225919
Political Stability and Absence of Violence/Terrorism: Estimate,PV.EST,St. Vincent and the Grenadines,VCT,1.223599792,0.853357732,0.816450417,0.987564266,0.998592257,0.871098697,0.822919726,0.937967896,1.03254509,1.040163636,1.043798447
Political Stability and Absence of Violence/Terrorism: Estimate,PV.EST,Sudan,SDN,-2.24417305,-2.193009615,-2.363084555,-2.155153036,-2.331105709,-1.971524239,-1.82177794,-1.696198225,-1.657063961,-1.987572193,-1.998894215
Political Stability and Absence of Violence/Terrorism: Estimate,PV.EST,Suriname,SUR,0.212451234,0.132779226,0.249270841,0.249509305,0.15281789,0.119800709,0.058161013,0.087626666,0.418793023,0.348301739,0.396292031
Political Stability and Absence of Violence/Terrorism: Estimate,PV.EST,Sweden,SWE,1.391772032,1.127778053,1.065414786,0.932670474,1.000782132,0.968601584,0.92122525,1.011769652,0.99729985,1.014362812,0.902623057
Political Stability and Absence of Violence/Terrorism: Estimate,PV.EST,Switzerland,CHE,1.578812003,1.401140213,1.402652621,1.326494217,1.28985405,1.242314816,1.319249392,1.310838223,1.17615521,1.115222096,1.161139727
Political Stability and Absence of Violence/Terrorism: Estimate,PV.EST,Syrian Arab Republic,SYR,-0.180450946,-2.681142807,-2.74882412,-2.965176821,-2.906036139,-2.612917662,-2.736278534,-2.730331182,-2.71175766,-2.65949297,-2.79725194
Political Stability and Absence of Violence/Terrorism: Estimate,PV.EST,"Taiwan, China",TWN,0.537106693,0.873134315,0.766413093,0.91313535,0.914119124,0.858921409,0.84186697,0.788220286,0.755755544,0.766792595,0.754162133
Political Stability and Absence of Violence/Terrorism: Estimate,PV.EST,Tajikistan,TJK,-1.647763491,-1.182374001,-0.693340778,-0.88231802,-0.78061831,-0.674310863,-0.747738957,-0.512072921,-0.500084043,-0.676817954,-0.694840014
Political Stability and Absence of Violence/Terrorism: Estimate,PV.EST,Tanzania,TZA,-0.701925755,-0.162120849,-0.597118556,-0.423460692,-0.448246777,-0.570162177,-0.580516219,-0.388441443,-0.480818123,-0.335592777,-0.265859962
Political Stability and Absence of Violence/Terrorism: Estimate,PV.EST,Thailand,THA,0.454958707,-1.311682701,-0.906386316,-0.995044947,-0.991300225,-0.754879355,-0.799434543,-0.491420507,-0.578276575,-0.568726182,-0.383099318
Political Stability and Absence of Violence/Terrorism: Estimate,PV.EST,Timor-Leste,TLS,0.440978795,-0.384680241,-0.179694876,-0.27170971,-0.017668042,0.06638208,0.233176738,0.243016809,0.197355658,0.19231537,0.273400307
Political Stability and Absence of Violence/Terrorism: Estimate,PV.EST,Togo,TGO,-0.290849715,-0.35371083,-0.167126864,-0.232123047,-0.175117105,-0.874444485,-0.88600421,-0.908243716,-0.890690088,-0.695711434,-0.711050153
Political Stability and Absence of Violence/Terrorism: Estimate,PV.EST,Tonga,TON,..,0.935446382,0.84719646,0.868294656,0.897029459,0.771566808,0.833516359,1.037786126,1.089008689,1.078965783,1.114246726
Political Stability and Absence of Violence/Terrorism: Estimate,PV.EST,Trinidad and Tobago,TTO,0.153456092,0.093686096,0.247864336,0.279361039,0.27725777,0.269298404,0.230616614,0.081537127,0.110377036,0.239029333,0.357974648
Political Stability and Absence of Violence/Terrorism: Estimate,PV.EST,Tunisia,TUN,0.321114898,-0.902563274,-0.851661503,-0.960177004,-1.139722347,-1.02349031,-0.86821872,-0.877072871,-0.594331145,-0.756551445,-0.596295178
Political Stability and Absence of Violence/Terrorism: Estimate,PV.EST,Turkiye,TUR,-0.80017364,-1.249932528,-1.086035967,-1.495309711,-2.007214785,-1.786375403,-1.315165997,-1.3781358,-1.143863201,-1.13676095,-1.039865017
Political Stability and Absence of Violence/Terrorism: Estimate,PV.EST,Turkmenistan,TKM,0.008447062,0.2490955,0.074206032,-0.089571141,-0.195148066,-0.128823504,-0.012979328,-0.178149864,-0.201663822,-0.332011014,-0.100280806
Political Stability and Absence of Violence/Terrorism: Estimate,PV.EST,Tuvalu,TUV,..,1.28392601,1.299327254,1.365985394,1.382750273,1.213737011,1.391008735,1.171670437,1.218199253,1.267683268,1.184532285
Political Stability and Absence of Violence/Terrorism: Estimate,PV.EST,Uganda,UGA,-1.248379588,-0.838690639,-0.941126168,-0.804575801,-0.718276322,-0.569948792,-0.701724708,-0.694264531,-0.811034501,-0.937743247,-0.807034194
Political Stability and Absence of Violence/Terrorism: Estimate,PV.EST,Ukraine,UKR,-0.409486443,-0.77728498,-2.020833492,-1.95953238,-1.853331923,-1.867416739,-1.872089386,-1.428326726,-1.16391623,-1.126953006,-1.997604966
Political Stability and Absence of Violence/Terrorism: Estimate,PV.EST,United Arab Emirates,ARE,0.975434422,0.894792199,0.768908918,0.748049259,0.549646139,0.601948619,0.689086735,0.667445123,0.592546582,0.597461224,0.700785339
Political Stability and Absence of Violence/Terrorism: Estimate,PV.EST,United Kingdom,GBR,1.033105731,0.486201435,0.415347636,0.503706396,0.347932637,0.380708188,0.077564575,0.52747041,0.481457025,0.489892125,0.503939092
Political Stability and Absence of Violence/Terrorism: Estimate,PV.EST,United States,USA,1.082809091,0.643072605,0.582419634,0.662890196,0.385635316,0.262201786,0.386042565,0.117876664,-0.026929064,-0.014877876,-0.036005028
Political Stability and Absence of Violence/Terrorism: Estimate,PV.EST,Uruguay,URY,0.929349542,0.804738224,0.991879582,0.994889319,1.048521757,1.040090799,1.023943424,1.028179169,1.054884791,1.045823932,1.095464587
Political Stability and Absence of Violence/Terrorism: Estimate,PV.EST,Uzbekistan,UZB,-1.301950455,-0.53607899,-0.273108631,-0.374532461,-0.280753702,-0.244979039,-0.304469526,-0.29666546,-0.436710477,-0.252974153,-0.19621487
Political Stability and Absence of Violence/Terrorism: Estimate,PV.EST,Vanuatu,VUT,1.223599792,1.160386682,0.636045277,0.458486795,0.48971042,0.676284015,0.802380979,1.00210762,0.882424951,0.900379121,0.9496755
Political Stability and Absence of Violence/Terrorism: Estimate,PV.EST,"Venezuela, RB",VEN,-0.758916974,-1.077632427,-0.852002203,-0.97167027,-1.022976637,-1.25151372,-1.351442456,-1.539181471,-1.55198741,-1.45388782,-1.256462216
Political Stability and Absence of Violence/Terrorism: Estimate,PV.EST,Vietnam,VNM,0.408773571,0.250577271,-0.022347357,0.063808225,0.226832524,0.211421594,0.032742601,0.03891024,-0.038535811,-0.118189707,-0.030564662
Political Stability and Absence of Violence/Terrorism: Estimate,PV.EST,Virgin Islands (U.S.),VIR,..,0.846709192,1.164254904,1.220001817,0.975613654,0.98148948,0.955986977,1.051399589,1.00336504,0.476192206,0.563698709
Political Stability and Absence of Violence/Terrorism: Estimate,PV.EST,West Bank and Gaza,PSE,-1.574412584,-1.778823495,-1.985010862,-2.154096127,-1.970878363,-1.650645375,-1.804794073,-1.88934803,-2.01818037,-1.836833954,-1.817886233
Political Stability and Absence of Violence/Terrorism: Estimate,PV.EST,"Yemen, Rep.",YEM,-1.145441294,-2.3748281,-2.665575027,-2.668016195,-2.784488678,-2.934315443,-2.996031046,-2.770873785,-2.647646427,-2.580309629,-2.476880312
Political Stability and Absence of Violence/Terrorism: Estimate,PV.EST,Zambia,ZMB,0.03572033,0.435933292,0.156212017,0.144709781,0.132928282,0.142042592,0.082525499,-0.11702957,-0.131005377,0.052347746,0.102313563
Political Stability and Absence of Violence/Terrorism: Estimate,PV.EST,Zimbabwe,ZWE,-1.318817854,-0.665949762,-0.713570178,-0.619207263,-0.620809734,-0.710430861,-0.721038401,-0.943286121,-1.052728176,-0.954425931,-0.884499907
,,,,,,,,,,,,,,
,,,,,,,,,,,,,,
,,,,,,,,,,,,,,
Data from database: Worldwide Governance Indicators,,,,,,,,,,,,,,
Last Updated: 09/29/2023,,,,,,,,,,,,,,