"year","Water_Type","WF_Crop","imports_km3","exports_km3","net_trade_km3"
2000,"Green_Rainfed","Soyabean",15.9179237555022,0.167253265956533,15.7506704895457
1996,"Green_Rainfed","Temperate Cereals",11.4057976440425,0.000315886805476108,11.4054817572371
1999,"Green_Rainfed","Rapeseed",4.75929467082535,6.40826749293262e-05,4.75923058815042
2000,"Green_Rainfed","Rapeseed",4.73352497532722,0.000427092649839827,4.73309788267738
1998,"Green_Rainfed","Soyabean",4.69357815768832,0.138172467173311,4.55540569051501
1999,"Green_Rainfed","Soyabean",4.26715588483887,0.173127534996351,4.09402834984252
2000,"Green_Rainfed","Temperate Cereals",3.86270845258826,0.000909917171602818,3.86179853541666
1998,"Green_Rainfed","Rapeseed",3.81136816935,0.000546856276369949,3.81082131307363
2000,"Green_Rainfed","Maize",0.000543439182954155,3.77064249988506,-3.7700990607021
1998,"Green_Rainfed","Temperate Cereals",3.15749200232699,0.00394565821589938,3.1535463441111
2000,"Blue_Irrigated","Maize",0.00031621709296729,2.97682345726239,-2.97650724016942
1997,"Green_Rainfed","Soyabean",3.06306641498338,0.157264866901351,2.90580154808203
1996,"Green_Rainfed","Soyabean",3.03472043896875,0.182263131473676,2.85245730749507
1997,"Green_Rainfed","Maize",0.000224227477388731,2.40496047377585,-2.40473624629846
1997,"Green_Rainfed","Temperate Cereals",2.24749414143203,0.00185600493556734,2.24563813649646
1999,"Green_Rainfed","Temperate Cereals",2.06432670180512,0.00184144781669902,2.06248525398842
1997,"Blue_Irrigated","Maize",2.60339461166251e-05,1.7002140422043,-1.70018800825818
1999,"Green_Rainfed","Maize",0.0668743415465467,1.24363228974468,-1.17675794819814
2000,"Green_Irrigated","Maize",0.000108573357020561,1.10201508007823,-1.10190650672121
1998,"Green_Rainfed","Maize",0.26866047021053,1.35291764057293,-1.0842571703624
1998,"Blue_Irrigated","Maize",0.0325750829832882,1.05455814873059,-1.0219830657473
1999,"Blue_Irrigated","Maize",0.00889801795413093,1.00829864104041,-0.999400623086275
1999,"Green_Rainfed","Pulses",0.0551372882095243,1.02872348962705,-0.973586201417529
1997,"Green_Rainfed","Rapeseed",0.926579603326961,1.81872904344051e-06,0.926577784597918
1997,"Green_Irrigated","Maize",1.46980408863468e-05,0.839836689316979,-0.839821991276093
2000,"Blue_Irrigated","Soyabean",0.789342187273158,0.0684626650831636,0.720879522189995
1997,"Green_Rainfed","Pulses",0.296720465309467,1.00338066773659,-0.706660202427123
2000,"Green_Irrigated","Soyabean",0.733993681690549,0.0328840506174682,0.701109631073081
1996,"Blue_Irrigated","Temperate Cereals",0.64385185944777,0.000423519114384117,0.643428340333386
1998,"Green_Rainfed","Pulses",0.0792588781429373,0.690708096410111,-0.611449218267174
2000,"Green_Rainfed","Pulses",0.188149096678081,0.785397140605578,-0.597248043927497
1999,"Blue_Irrigated","Pulses",0.00122241689785624,0.443227985864831,-0.442005568966974
1998,"Green_Irrigated","Maize",0.0225322944724154,0.461937084912313,-0.439404790439898
1999,"Green_Irrigated","Maize",0.00612162547285449,0.4409167735279,-0.434795148055046
1997,"Blue_Irrigated","Pulses",0.00729760817629955,0.397444212350859,-0.39014660417456
2000,"Blue_Irrigated","Pulses",0.00266480113483536,0.34462075802361,-0.341955956888774
1998,"Blue_Irrigated","Pulses",0.00134860970810268,0.284942538822186,-0.283593929114084
1996,"Blue_Irrigated","Pulses",0.0265564104182344,0.306804844993148,-0.280248434574914
1996,"Green_Irrigated","Temperate Cereals",0.275632079451169,0.000207654547695576,0.275424424903474
1999,"Green_Irrigated","Soyabean",0.281998532019038,0.0407763278333593,0.241222204185678
1999,"Green_Irrigated","Pulses",0.000817637469454777,0.237556293420744,-0.236738655951289
1996,"Blue_Irrigated","Groundnut",1.40049016174978e-06,0.235523123179988,-0.235521722689826
1997,"Green_Irrigated","Pulses",0.00186985490904831,0.235869885814399,-0.23400003090535
2000,"Blue_Irrigated","Rapeseed",0.218637156530342,0.000545854631208362,0.218091301899133
1996,"Green_Irrigated","Soyabean",0.252138761937093,0.0411525509132999,0.210986211023793
1999,"Blue_Irrigated","Rapeseed",0.207291394098159,8.22268507659906e-05,0.207209167247393
1999,"Blue_Irrigated","Soyabean",0.275923251814552,0.0739718784488063,0.201951373365745
1996,"Blue_Irrigated","Soyabean",0.27376560235225,0.0729373171320628,0.200828285220188
2000,"Blue_Irrigated","Groundnut",7.58429781923731e-05,0.194814886314987,-0.194739043336795
1999,"Blue_Irrigated","Groundnut",0.000191166924182377,0.189565959016848,-0.189374792092666
1997,"Blue_Irrigated","Soyabean",0.242281247181138,0.0596917596570866,0.182589487524052
1997,"Green_Irrigated","Soyabean",0.219145153037654,0.0370862993229347,0.18205885371472
2000,"Blue_Irrigated","Temperate Cereals",0.1718658916684,0.00127973865079545,0.170586153017604
1998,"Blue_Irrigated","Soyabean",0.222029429574963,0.0561618952920038,0.16586753428296
1996,"Green_Irrigated","Pulses",0.00578505384372093,0.165763106451747,-0.159978052608026
2000,"Green_Irrigated","Pulses",0.000938858277168954,0.158160654625794,-0.157221796348625
1998,"Green_Irrigated","Pulses",0.00136940122828212,0.158481136152767,-0.157111734924485
1996,"Green_Rainfed","Groundnut",2.64140465526238e-05,0.150759066954462,-0.150732652907909
1998,"Green_Irrigated","Soyabean",0.175487200304891,0.0318081414311028,0.143679058873788
1996,"Green_Irrigated","Groundnut",2.41649500852424e-07,0.130598342403161,-0.13059810075366
1998,"Blue_Irrigated","Temperate Cereals",0.12904415247592,0.00536599888289134,0.123678153593029
2000,"Green_Rainfed","Groundnut",0.000161280521503318,0.118456475529576,-0.118295195008072
1998,"Blue_Irrigated","Rapeseed",0.117933080691705,0.000654865630391,0.117278215061314
1999,"Green_Rainfed","Groundnut",0.000198825391741609,0.11554750016808,-0.115348674776338
1999,"Blue_Irrigated","Temperate Cereals",0.110383395450227,0.00254142039059401,0.107841975059633
1999,"Green_Irrigated","Groundnut",0.000121204674571103,0.104953767405868,-0.104832562731297
1998,"Blue_Irrigated","Groundnut",0.000106653934536718,0.101501198898365,-0.101394544963829
1997,"Blue_Irrigated","Temperate Cereals",0.0959375954043484,0.00228789555322129,0.0936496998511271
2000,"Green_Irrigated","Groundnut",3.89546029529943e-05,0.0928177646042857,-0.0927788100013327
1996,"Green_Rainfed","Pulses",0.807652027199163,0.71561241614472,0.0920396110544432
1997,"Blue_Irrigated","Groundnut",0.00358295153123415,0.092607637577481,-0.0890246860462469
1997,"Green_Rainfed","Tropical Cereals",6.66231818264905e-06,0.0810558148488456,-0.0810491525306629
1998,"Green_Rainfed","Groundnut",0.000194410859988109,0.0643887817892112,-0.0641943709292231
1997,"Green_Rainfed","Groundnut",0.00713773931104863,0.0657636462870361,-0.0586259069759874
1997,"Blue_Irrigated","Rapeseed",0.0572174456628078,2.13166903731401e-06,0.0572153139937705
1997,"Green_Irrigated","Groundnut",0.0018949750215657,0.0580622584518113,-0.0561672834302456
1998,"Green_Irrigated","Groundnut",3.19884412346618e-05,0.056045983802389,-0.0560139953611544
1999,"Green_Irrigated","Rapeseed",0.055024435047032,6.20730915491647e-05,0.0549623619554829
1999,"Green_Irrigated","Temperate Cereals",0.0541586462857008,0.00126131770718803,0.0528973285785128
2000,"Green_Irrigated","Temperate Cereals",0.0515797727162878,0.000540112099974882,0.0510396606163129
1998,"Green_Irrigated","Temperate Cereals",0.0521612499773329,0.00263058867467493,0.049530661302658
2000,"Green_Irrigated","Rapeseed",0.0440098032247073,0.00036339129723294,0.0436464119274744
1998,"Green_Irrigated","Rapeseed",0.0392261197183779,0.000530224055517491,0.0386958956628604
1997,"Green_Irrigated","Temperate Cereals",0.0396840958074622,0.00126759573810484,0.0384165000693574
1996,"Green_Rainfed","Rapeseed",0.0367565883894939,0.0027767278684338,0.0339798605210601
1996,"Blue_Irrigated","Maize",0.0096526727440525,0.0372614936745997,-0.0276088209305472
1997,"Blue_Irrigated","Tropical Cereals",2.17512863059961e-06,0.0254914963591656,-0.025489321230535
1996,"Green_Rainfed","Sunflower",0.000161503235988147,0.0231503379111746,-0.0229888346751865
1996,"Green_Rainfed","Maize",0.0686902320991846,0.0479522472299667,0.0207379848692179
1999,"Green_Rainfed","Tropical Cereals",2.26511443109271e-05,0.0177959684226958,-0.0177733172783849
1997,"Green_Rainfed","Sunflower",0.0055053043756615,0.0211554072278903,-0.0156501028522288
1997,"Green_Irrigated","Rapeseed",0.0141530604704091,1.80901428213407e-06,0.014151251456127
2000,"Green_Rainfed","Tropical Cereals",0.0319554493457103,0.018525039360878,0.0134304099848322
1996,"Green_Rainfed","Tropical Cereals",3.54612314149874e-05,0.0120340022525187,-0.0119985410211037
1997,"Green_Irrigated","Tropical Cereals",9.93841309349011e-07,0.0117989860235553,-0.0117979921822459
1998,"Green_Rainfed","Tropical Cereals",0,0.0109455882745533,-0.0109455882745533
1996,"Green_Irrigated","Maize",0.0066394105322626,0.0160178109391052,-0.00937840040684263
2000,"Blue_Irrigated","Sunflower",0.00192009650315811,0.0110939583182819,-0.00917386181512379
2000,"Green_Rainfed","Sunflower",0.0250272290832982,0.033528312892725,-0.00850108380942683
1999,"Green_Rainfed","Temperate Roots",1.65302612125693e-05,0.00830871231349627,-0.0082921820522837
1996,"Blue_Irrigated","Sunflower",1.52660586533676e-05,0.00715098258162469,-0.00713571652297132
1998,"Green_Rainfed","Sunflower",0.0138711930461514,0.00767300895083673,0.00619818409531467
1999,"Blue_Irrigated","Tropical Cereals",4.98576631210986e-07,0.0060843510348211,-0.00608385245818989
1997,"Blue_Irrigated","Sunflower",0.000567618436833485,0.00613482427649058,-0.00556720583965709
1999,"Blue_Irrigated","Sunflower",0.00139482081587481,0.00630627042229196,-0.00491144960641715
2000,"Green_Rainfed","Temperate Roots",0.000106761715907507,0.00448365712868861,-0.0043768954127811
1996,"Blue_Irrigated","Tropical Cereals",2.29068101792418e-05,0.00426709457047689,-0.00424418776029765
1999,"Green_Rainfed","Sunflower",0.0161761656752687,0.0200140421325849,-0.00383787645731628
1998,"Blue_Irrigated","Tropical Cereals",0,0.00371404948152724,-0.00371404948152724
1998,"Green_Rainfed","Temperate Roots",4.32269084976113e-06,0.00362040444267772,-0.00361608175182796
1997,"Green_Rainfed","Temperate Roots",0,0.00354956822769222,-0.00354956822769222
1999,"Blue_Irrigated","Temperate Roots",1.74143942765018e-05,0.00351639762782342,-0.00349898323354692
1996,"Green_Rainfed","Temperate Roots",4.62316802467123e-05,0.00336458931578411,-0.0033183576355374
1996,"Blue_Irrigated","Rapeseed",0.000137022335237397,0.00326035472896631,-0.00312333239372891
1996,"Green_Irrigated","Rapeseed",6.65347058896269e-05,0.00271757858429706,-0.00265104387840743
1999,"Green_Irrigated","Tropical Cereals",1.15306644526859e-07,0.0025998909259809,-0.00259977561933637
2000,"Green_Irrigated","Sunflower",0.0006952603049133,0.00304056087186445,-0.00234530056695115
1996,"Green_Irrigated","Sunflower",6.37338662255927e-06,0.00229755116200637,-0.00229117777538381
1997,"Green_Irrigated","Sunflower",0.000181191780589297,0.00213793456858789,-0.00195674278799859
1999,"Green_Irrigated","Temperate Roots",1.20620709999913e-05,0.00195856115414829,-0.0019464990831483
2000,"Green_Irrigated","Tropical Cereals",0.00415017033334729,0.00227952641890905,0.00187064391443825
2000,"Blue_Irrigated","Temperate Roots",5.04923970046203e-05,0.00190186993151448,-0.00185137753450986
1996,"Green_Irrigated","Tropical Cereals",1.9174326001114e-05,0.00170832205568129,-0.00168914772968018
1999,"Green_Irrigated","Sunflower",0.000490077743784966,0.00212372349098476,-0.0016336457471998
1998,"Green_Irrigated","Tropical Cereals",0,0.00156163520168645,-0.00156163520168645
1998,"Blue_Irrigated","Temperate Roots",2.76264508134872e-06,0.00145910884302437,-0.00145634619794302
1997,"Blue_Irrigated","Temperate Roots",0,0.00134043407320138,-0.00134043407320138
1996,"Blue_Irrigated","Temperate Roots",1.61048379681403e-05,0.00134287579105943,-0.00132677095309129
1998,"Blue_Irrigated","Sunflower",0.00129719677608858,0.00234269350409936,-0.00104549672801078
2000,"Green_Rainfed","Tropical Roots",1.06192409898509e-07,0.00101091634981867,-0.00101081015740877
2000,"Green_Irrigated","Temperate Roots",2.42563234224786e-05,0.000920220380178147,-0.000895964056755668
1997,"Green_Irrigated","Temperate Roots",0,0.000849463809375217,-0.000849463809375217
1998,"Green_Irrigated","Temperate Roots",8.39641579265805e-07,0.000839173287119293,-0.000838333645540027
2000,"Blue_Irrigated","Tropical Cereals",0.00741272315067011,0.00657469928974953,0.000838023860920575
1996,"Green_Irrigated","Temperate Roots",5.61829355586866e-06,0.000783648621960713,-0.000778030328404844
1999,"Blue_Irrigated","Rice",0,0.000731372008270871,-0.000731372008270871
2000,"Blue_Irrigated","Rice",1.36337913674538e-07,0.000721266357945524,-0.000721130020031849
2000,"Green_Rainfed","Rice",1.36179015827068e-05,0.000578599166337244,-0.000564981264754537
1999,"Green_Rainfed","Rice",0,0.000560495470093441,-0.000560495470093441
1999,"Green_Irrigated","Rice",0,0.000554452566317275,-0.000554452566317275
1999,"Green_Rainfed","Tropical Roots",0,0.00051520745356116,-0.00051520745356116
2000,"Green_Irrigated","Rice",1.37491439932903e-07,0.000493737119952803,-0.00049359962851287
2000,"Blue_Irrigated","Tropical Roots",2.09729589435073e-07,0.000434070347461722,-0.000433860617872287
1998,"Green_Rainfed","Tropical Roots",1.8151675246877e-06,0.000380524039490046,-0.000378708871965359
1996,"Green_Rainfed","Tropical Roots",6.15714782468665e-08,0.000331325525964694,-0.000331263954486447
1998,"Green_Irrigated","Sunflower",0.000471402891916752,0.00079892626615224,-0.000327523374235488
1997,"Green_Rainfed","Tropical Roots",0,0.000305621039281964,-0.000305621039281964
1998,"Blue_Irrigated","Rice",1.5483708580054e-06,0.000257076283514243,-0.000255527912656238
1997,"Blue_Irrigated","Rice",0,0.000228945103500498,-0.000228945103500498
1999,"Blue_Irrigated","Tropical Roots",0,0.000218464298076896,-0.000218464298076896
2000,"Green_Irrigated","Tropical Roots",2.59961702121799e-07,0.000218322936644876,-0.000218062974942754
1998,"Green_Irrigated","Rice",6.29499808762104e-07,0.000216437915509351,-0.000215808415700589
1997,"Green_Rainfed","Rice",0,0.000197419681440262,-0.000197419681440262
1997,"Green_Irrigated","Rice",0,0.00019704530943759,-0.00019704530943759
1998,"Green_Rainfed","Rice",2.89210607727631e-05,0.000221955873213996,-0.000193034812441233
1998,"Blue_Irrigated","Tropical Roots",3.37406358348016e-06,0.000154275680705312,-0.000150901617121831
1996,"Blue_Irrigated","Tropical Roots",1.18115277980351e-07,0.000133917278010084,-0.000133799162732104
1999,"Green_Irrigated","Tropical Roots",0,0.000126516954369659,-0.000126516954369659
1996,"Blue_Irrigated","Rice",0,0.000122869421889609,-0.000122869421889609
1997,"Blue_Irrigated","Tropical Roots",0,0.000115792407036814,-0.000115792407036814
1996,"Green_Rainfed","Rice",0,0.00010731367660524,-0.00010731367660524
1996,"Green_Irrigated","Rice",0,0.000105856095902615,-0.000105856095902615
1998,"Green_Irrigated","Tropical Roots",4.75807904622408e-06,9.18554384400048e-05,-8.70973593937807e-05
1996,"Green_Irrigated","Tropical Roots",1.65040716480167e-07,8.09718111447371e-05,-8.08067704282569e-05
1997,"Green_Irrigated","Tropical Roots",0,7.64901082083209e-05,-7.64901082083209e-05
1997,"Green_Rainfed","Sugar",0,1.04113112012518e-05,-1.04113112012518e-05
1999,"Green_Rainfed","Sugar",0,7.2803278644003e-06,-7.2803278644003e-06
1998,"Green_Rainfed","Sugar",4.53545473369488e-07,7.42343196099392e-06,-6.96988648762444e-06
1996,"Green_Rainfed","Sugar",0,5.23741643678647e-06,-5.23741643678647e-06
2000,"Green_Rainfed","Sugar",8.31313940188307e-08,2.23946542501937e-06,-2.15633403100054e-06
1997,"Green_Irrigated","Sugar",0,1.55423160574841e-06,-1.55423160574841e-06
1997,"Blue_Irrigated","Sugar",0,1.46170542695005e-06,-1.46170542695005e-06
1999,"Blue_Irrigated","Sugar",0,1.32082051496066e-06,-1.32082051496066e-06
1999,"Green_Irrigated","Sugar",0,1.04774095071894e-06,-1.04774095071894e-06
1998,"Green_Irrigated","Sugar",1.7608106258914e-07,1.10114358467909e-06,-9.25062522089951e-07
1998,"Blue_Irrigated","Sugar",9.85970403085112e-08,1.00981718430487e-06,-9.1122014399636e-07
1996,"Green_Irrigated","Sugar",0,7.97251909639629e-07,-7.97251909639629e-07
1996,"Blue_Irrigated","Sugar",0,6.96897314929646e-07,-6.96897314929646e-07
2000,"Blue_Irrigated","Sugar",5.07672198398195e-09,3.57224688609528e-07,-3.52147966625546e-07
2000,"Green_Irrigated","Sugar",5.46727952399587e-09,2.83637498466723e-07,-2.78170218942727e-07
