"WF_Crop","Water_Type","n_nodes_early","n_edges_early","total_volume_km3_early","density_early","reciprocity_early","transitivity_early","mean_degree_early","centralization_early","clustering_coef_early","avg_path_length_early","n_nodes_late","n_edges_late","total_volume_km3_late","density_late","reciprocity_late","transitivity_late","mean_degree_late","centralization_late","clustering_coef_late","avg_path_length_late"
"Groundnut","Blue_Irrigated",160,1616,2.141,0.064,0.089,0.175,NA,0.863,0.175,2.87,11.875,95.049504950495,97.5712283979449,54.6875,14.6067415730337,26.8571428571429,NA,25.9559675550406,26.8571428571429,-14.2857142857143
"Maize","Blue_Irrigated",184,4133,27.063,0.123,0.286,0.277,NA,1.789,0.277,2.326,4.89130434782609,138.325671425115,-22.1594058308392,116.260162601626,21.3286713286713,49.4584837545126,NA,-1.39742873113471,49.4584837545126,-6.74978503869304
"Pulses","Blue_Irrigated",189,10148,7.712,0.286,0.275,0.36,NA,3.213,0.36,2.094,1.58730158730159,121.23571147024,110.24377593361,113.986013986014,21.4545454545454,25,NA,13.1963896669779,25,-8.59598853868195
"Rapeseed","Blue_Irrigated",91,1201,2.218,0.147,0.318,0.353,NA,1.11,0.353,2.198,39.5604395604396,133.805162364696,6.17673579801623,19.047619047619,30.503144654088,8.78186968838528,NA,13.7837837837838,8.78186968838528,0.545950864422202
"Rice","Blue_Irrigated",141,784,4.203,0.04,0.173,0.162,NA,0.489,0.162,3.17,27.6595744680851,156.122448979592,50.3449916726148,55,-11.5606936416185,33.9506172839506,NA,23.3128834355828,33.9506172839506,-4.13249211356466
"Soyabean","Blue_Irrigated",149,1760,17.466,0.08,0.22,0.27,NA,1.045,0.27,2.613,21.4765100671141,150.738636363636,64.6742242070308,68.75,20.9090909090909,19.2592592592593,NA,13.3971291866029,19.2592592592593,-12.0933792575584
"Sugar","Blue_Irrigated",69,210,0.001,0.045,0.038,0.105,NA,0.268,0.105,2.264,63.768115942029,257.142857142857,600,31.1111111111111,-23.6842105263158,51.4285714285714,NA,19.0298507462687,51.4285714285714,22.3056537102474
"Sunflower","Blue_Irrigated",146,2272,0.72,0.107,0.268,0.322,NA,0.996,0.322,2.433,17.1232876712329,156.646126760563,143.888888888889,87.8504672897196,23.8805970149254,21.4285714285714,NA,19.3775100401606,21.4285714285714,-15.5363748458693
"Temperate Cereals","Blue_Irrigated",182,6911,41.34,0.21,0.247,0.298,NA,2.303,0.298,2.279,3.84615384615385,123.643466936767,32.9487179487179,107.142857142857,42.5101214574899,33.5570469798658,NA,50.4993486756405,33.5570469798658,-4.91443615620887
"Temperate Roots","Blue_Irrigated",194,4387,0.746,0.117,0.218,0.31,NA,1.63,0.31,2.597,-0.515463917525773,89.5828584454069,156.56836461126,91.4529914529915,38.0733944954128,15.1612903225806,NA,39.2024539877301,15.1612903225806,-14.2857142857143
"Tropical Cereals","Blue_Irrigated",158,1810,8.771,0.073,0.12,0.201,NA,1.09,0.201,3.07,6.9620253164557,150.497237569061,31.9917911298598,119.178082191781,56.6666666666667,49.2537313432836,NA,38.2568807339449,49.2537313432836,-17.7198697068404
"Tropical Roots","Blue_Irrigated",105,577,0.022,0.053,0.024,0.204,NA,0.277,0.204,3.449,68.5714285714286,468.804159445407,768.181818181818,98.1132075471698,283.333333333333,28.921568627451,NA,271.119133574007,28.921568627451,-20.846622209336
"Groundnut","Green_Irrigated",160,1616,0.93,0.064,0.089,0.175,NA,0.863,0.175,2.87,11.875,95.049504950495,186.774193548387,54.6875,14.6067415730337,26.8571428571429,NA,25.9559675550406,26.8571428571429,-14.2857142857143
"Maize","Green_Irrigated",184,4133,16.378,0.123,0.286,0.277,NA,1.789,0.277,2.326,4.89130434782609,138.325671425115,20.1001343265356,116.260162601626,21.3286713286713,49.4584837545126,NA,-1.39742873113471,49.4584837545126,-6.74978503869304
"Pulses","Green_Irrigated",189,10148,2.653,0.286,0.275,0.36,NA,3.213,0.36,2.094,1.58730158730159,121.23571147024,133.584621183566,113.986013986014,21.4545454545454,25,NA,13.1963896669779,25,-8.59598853868195
"Rapeseed","Green_Irrigated",91,1201,0.832,0.147,0.318,0.353,NA,1.11,0.353,2.198,39.5604395604396,133.805162364696,32.2115384615385,19.047619047619,30.503144654088,8.78186968838528,NA,13.7837837837838,8.78186968838528,0.545950864422202
"Rice","Green_Irrigated",141,784,2.404,0.04,0.173,0.162,NA,0.489,0.162,3.17,27.6595744680851,156.122448979592,111.064891846922,55,-11.5606936416185,33.9506172839506,NA,23.3128834355828,33.9506172839506,-4.13249211356466
"Soyabean","Green_Irrigated",149,1760,15.934,0.08,0.22,0.27,NA,1.045,0.27,2.613,21.4765100671141,150.738636363636,128.003012426258,68.75,20.9090909090909,19.2592592592593,NA,13.3971291866029,19.2592592592593,-12.0933792575584
"Sugar","Green_Irrigated",69,210,0.001,0.045,0.038,0.105,NA,0.268,0.105,2.264,63.768115942029,257.142857142857,700,31.1111111111111,-23.6842105263158,51.4285714285714,NA,19.0298507462687,51.4285714285714,22.3056537102474
"Sunflower","Green_Irrigated",146,2272,0.403,0.107,0.268,0.322,NA,0.996,0.322,2.433,17.1232876712329,156.646126760563,190.570719602978,87.8504672897196,23.8805970149254,21.4285714285714,NA,19.3775100401606,21.4285714285714,-15.5363748458693
"Temperate Cereals","Green_Irrigated",182,6911,18.078,0.21,0.247,0.298,NA,2.303,0.298,2.279,3.84615384615385,123.643466936767,92.4493859940259,107.142857142857,42.5101214574899,33.5570469798658,NA,50.4993486756405,33.5570469798658,-4.91443615620887
"Temperate Roots","Green_Irrigated",194,4387,0.252,0.117,0.218,0.31,NA,1.63,0.31,2.597,-0.515463917525773,89.5828584454069,215.873015873016,91.4529914529915,38.0733944954128,15.1612903225806,NA,39.2024539877301,15.1612903225806,-14.2857142857143
"Tropical Cereals","Green_Irrigated",158,1810,4.581,0.073,0.12,0.201,NA,1.09,0.201,3.07,6.9620253164557,150.497237569061,92.7745033835407,119.178082191781,56.6666666666667,49.2537313432836,NA,38.2568807339449,49.2537313432836,-17.7198697068404
"Tropical Roots","Green_Irrigated",105,577,0.008,0.053,0.024,0.204,NA,0.277,0.204,3.449,68.5714285714286,468.804159445407,937.5,98.1132075471698,283.333333333333,28.921568627451,NA,271.119133574007,28.921568627451,-20.846622209336
"Groundnut","Green_Rainfed",161,1624,5.983,0.063,0.089,0.175,NA,0.858,0.175,2.868,11.8012422360248,94.7660098522168,154.87213772355,55.5555555555556,13.4831460674157,26.8571428571429,NA,25.990675990676,26.8571428571429,-13.6331938633194
"Maize","Green_Rainfed",184,4136,229.217,0.123,0.286,0.277,NA,1.789,0.277,2.331,4.89130434782609,147.098646034816,149.146442017826,124.390243902439,25.8741258741259,51.2635379061372,NA,-1.50922302962548,51.2635379061372,-7.67910767910767
"Pulses","Green_Rainfed",189,10243,63.313,0.288,0.28,0.361,NA,3.229,0.361,2.106,1.58730158730159,125.129356633799,112.147584224409,118.402777777778,25.7142857142857,26.8698060941828,NA,13.50263239393,26.8698060941828,-8.83190883190883
"Rapeseed","Green_Rainfed",91,1223,69.329,0.149,0.334,0.36,NA,1.141,0.36,2.214,41.7582417582418,159.607522485691,21.3691240317905,28.8590604026846,39.2215568862275,10.5555555555556,NA,16.2138475021911,10.5555555555556,-0.542005420054201
"Rice","Green_Rainfed",141,785,2.509,0.04,0.176,0.162,NA,0.492,0.162,3.343,27.6595744680851,156.433121019108,225.866879234755,55,-12.5,33.3333333333333,NA,22.5609756097561,33.3333333333333,-8.94406221956326
"Soyabean","Green_Rainfed",150,1774,287.556,0.079,0.223,0.271,NA,1.038,0.271,2.614,22.6666666666667,163.58511837655,144.823616965043,75.9493670886076,31.390134529148,25.0922509225092,NA,14.1618497109827,25.0922509225092,-11.4001530221882
"Sugar","Green_Rainfed",71,211,0.016,0.042,0.038,0.105,NA,0.261,0.105,2.261,60.5633802816901,257.81990521327,1075,40.4761904761905,-2.63157894736842,51.4285714285714,NA,21.0727969348659,51.4285714285714,25.9177355152587
"Sunflower","Green_Rainfed",146,2272,19.053,0.107,0.268,0.322,NA,0.996,0.322,2.433,17.1232876712329,159.286971830986,74.6968981262793,89.7196261682243,25.3731343283582,21.7391304347826,NA,19.4779116465863,21.7391304347826,-14.5910398684751
"Temperate Cereals","Green_Rainfed",182,7126,644.926,0.216,0.267,0.306,NA,2.321,0.306,2.276,3.84615384615385,132.739264664608,100.476643832006,116.203703703704,49.438202247191,36.9281045751634,NA,57.1736320551486,36.9281045751634,-5.4920913884007
"Temperate Roots","Green_Rainfed",194,4499,3.088,0.12,0.227,0.321,NA,1.642,0.321,2.598,-0.515463917525773,92.9095354523227,131.120466321243,95,42.2907488986784,14.6417445482866,NA,39.646772228989,14.6417445482866,-14.7036181678214
"Tropical Cereals","Green_Rainfed",158,1810,39.403,0.073,0.12,0.201,NA,1.09,0.201,3.07,6.9620253164557,150.497237569061,46.6335050630663,119.178082191781,56.6666666666667,49.2537313432836,NA,38.2568807339449,49.2537313432836,-17.7198697068404
"Tropical Roots","Green_Rainfed",108,603,0.088,0.052,0.033,0.209,NA,0.287,0.209,3.413,64.8148148148148,460.530679933665,494.318181818182,105.769230769231,209.090909090909,25.8373205741627,NA,266.202090592335,25.8373205741627,-20.3047172575447
